Device_Mac,AP_Mac,Up_Time,Down_Time,Duration
00:45:e2:05:4b:53,70BA-EFCD-3930,2020-12-24 05:37:51,2020-12-24 06:04:07,1576
00:5b:94:a5:66:b6,219801A0WA9175Q10779,2020-12-24 05:08:38,2020-12-24 06:04:07,3329
00:5b:94:cf:f8:b6,70BA-EFCF-6080,2020-12-24 05:07:45,2020-12-24 05:40:45,1980
00:5b:94:cf:f8:b6,70BA-EFCF-E0A0,2020-12-24 05:40:45,2020-12-24 06:04:07,1402
00:71:cc:98:64:ef,70BA-EFCB-A680,2020-12-24 05:07:51,2020-12-24 06:04:07,3376
00:b3:62:6b:45:33,219801A14D816AE05275,2020-12-24 05:08:38,2020-12-24 06:04:07,3329
00:cd:fe:4f:35:be,70BA-EFD0-1AC0,2020-12-24 05:07:45,2020-12-24 05:37:45,1800
00:cd:fe:4f:35:be,70BA-EFD0-2200,2020-12-24 05:37:45,2020-12-24 06:04:07,1582
02:5c:ae:5b:f7:e4,70BA-EFCB-A5A0,2020-12-24 05:07:51,2020-12-24 05:37:51,1800
02:5c:ae:5b:f7:e4,70BA-EFCB-ADE0,2020-12-24 05:37:51,2020-12-24 06:04:07,1576
02:b4:1f:62:1d:69,219801A14D816AE08089,2020-12-24 05:38:37,2020-12-24 06:04:07,1530
02:db:57:2e:a1:a0,70BA-EFCF-EF80,2020-12-24 05:07:51,2020-12-24 06:04:07,3376
04:4a:6c:00:25:21,219801A14D816AE00686,2020-12-24 05:08:38,2020-12-24 06:04:07,3329
04:52:f3:26:c3:e8,210235A1GQC156000585,2020-12-24 05:37:45,2020-12-24 06:04:07,1582
04:52:f3:26:c3:e8,210235A1GQC156001766,2020-12-24 05:07:45,2020-12-24 05:37:45,1800
04:69:f8:5a:9d:81,219801A0WA9175Q11114,2020-12-24 05:38:37,2020-12-24 06:04:07,1530
04:69:f8:5a:9d:81,219801A0WA9175Q11114,2020-12-24 05:08:38,2020-12-24 05:38:37,1799
04:b1:67:30:55:2c,219801A14D816AE06471,2020-12-24 05:38:37,2020-12-24 06:04:07,1530
04:b1:67:30:55:2c,219801A14D816AE06671,2020-12-24 05:08:38,2020-12-24 05:38:37,1799
04:b1:67:66:7f:8a,219801A14D816AE06556,2020-12-24 05:08:38,2020-12-24 06:04:07,3329
04:f1:28:21:48:05,219801A0WA9175Q10805,2020-12-24 05:08:38,2020-12-24 06:04:07,3329
06:4e:73:17:2d:32,70BA-EFCF-9B40,2020-12-24 05:37:46,2020-12-24 06:04:07,1581
06:56:98:3d:40:61,219801A0WA9175Q13639,2020-12-24 05:38:37,2020-12-24 06:04:07,1530
06:c9:75:3e:3e:ca,219801A14D816AE06566,2020-12-24 05:08:38,2020-12-24 06:04:07,3329
06:cd:50:69:34:95,70BA-EFCB-F820,2020-12-24 05:07:51,2020-12-24 06:04:07,3376
08:23:b2:dd:81:77,219801A0WA9175Q10776,2020-12-24 05:08:38,2020-12-24 06:04:07,3329
08:31:8b:c6:4d:a5,219801A14D816AE00447,2020-12-24 05:08:38,2020-12-24 06:04:07,3329
08:71:90:b5:1e:72,219801A0T78188E00500,2020-12-24 05:38:37,2020-12-24 06:04:07,1530
08:f6:9c:38:f9:98,70BA-EFCB-FFC0,2020-12-24 05:07:45,2020-12-24 05:37:45,1800
08:f8:bc:65:71:a0,70BA-EFCB-FE80,2020-12-24 05:40:46,2020-12-24 06:04:07,1401
08:f8:bc:65:71:a0,70BA-EFCF-9FC0,2020-12-24 05:37:46,2020-12-24 05:40:46,180
0a:63:d3:9d:62:f8,219801A14D816AE01344,2020-12-24 05:08:38,2020-12-24 06:04:07,3329
0a:96:c4:31:96:26,219801A14D816AE00758,2020-12-24 05:38:37,2020-12-24 06:04:07,1530
0a:96:c4:31:96:26,219801A14D816AE00758,2020-12-24 05:08:38,2020-12-24 05:38:37,1799
0a:e1:5f:66:01:a7,219801A14D816AE01166,2020-12-24 05:08:38,2020-12-24 06:04:07,3329
0c:20:d3:01:6f:5d,70F9-6DD3-C8C0,2020-12-24 05:07:45,2020-12-24 05:37:45,1800
0c:3b:50:34:bd:1e,70BA-EFCB-EFE0,2020-12-24 05:37:46,2020-12-24 06:04:07,1581
0c:b5:27:24:89:c4,219801A14D816AE02362,2020-12-24 05:38:37,2020-12-24 06:04:07,1530
0c:b5:27:71:ed:2e,219801A0WA9175Q10958,2020-12-24 05:08:38,2020-12-24 06:04:07,3329
0c:b5:27:bb:1d:56,219801A0T78188E00437,2020-12-24 05:38:37,2020-12-24 06:04:07,1530
0c:b5:27:bb:1d:56,219801A0T78188E00437,2020-12-24 05:08:38,2020-12-24 05:38:37,1799
0e:5a:0c:c6:82:8f,219801A14D816AE02346,2020-12-24 05:38:37,2020-12-24 06:04:07,1530
0e:5a:0c:c6:82:8f,219801A14D816AE02346,2020-12-24 05:08:38,2020-12-24 05:38:37,1799
0e:f4:e0:b2:a3:b8,219801A14D816AE05474,2020-12-24 05:08:38,2020-12-24 06:04:07,3329
10:29:59:04:f6:0f,219801A14D816AE05438,2020-12-24 05:38:37,2020-12-24 06:04:07,1530
10:29:59:36:d9:a1,219801A0WA9175Q12548,2020-12-24 05:08:38,2020-12-24 06:04:07,3329
10:29:59:3d:cd:10,7425-8A50-3BC0,2020-12-24 05:40:45,2020-12-24 06:04:07,1402
10:29:59:48:62:e3,219801A14D816AE00957,2020-12-24 05:08:38,2020-12-24 06:04:07,3329
10:30:25:65:b8:6e,50DA-009D-3E20,2020-12-24 05:40:45,2020-12-24 06:04:07,1402
10:30:25:65:b8:6e,50DA-009D-3E20,2020-12-24 05:07:45,2020-12-24 05:40:45,1980
10:41:7f:df:d1:fd,219801A14D816AE06653,2020-12-24 05:38:37,2020-12-24 06:04:07,1530
10:41:7f:df:d1:fd,219801A14D816AE06653,2020-12-24 05:08:38,2020-12-24 05:38:37,1799
10:44:00:df:0c:65,219801A14D816AE05388,2020-12-24 05:38:37,2020-12-24 06:04:07,1530
10:5b:ad:07:47:a5,7425-8A50-9960,2020-12-24 05:37:45,2020-12-24 06:04:07,1582
10:5b:ad:07:47:a5,7425-8A50-9A00,2020-12-24 05:07:45,2020-12-24 05:37:45,1800
10:5b:ad:5f:e9:2d,219801A11S9191Q000VM,2020-12-24 05:40:46,2020-12-24 06:04:07,1401
10:5b:ad:ce:42:56,70BA-EFCB-92A0,2020-12-24 05:07:45,2020-12-24 06:04:07,3382
10:63:c8:41:a1:e1,219801A14D816AE05432,2020-12-24 05:38:37,2020-12-24 06:04:07,1530
10:63:c8:41:a1:e1,219801A14D816AE05432,2020-12-24 05:08:38,2020-12-24 05:38:37,1799
10:63:c8:74:92:e5,703D-157A-0820,2020-12-24 05:37:51,2020-12-24 06:04:07,1576
10:c7:53:67:63:fe,3822-D659-0000,2020-12-24 05:37:45,2020-12-24 06:04:07,1582
10:e9:53:eb:7e:eb,219801A0WA9175Q11976,2020-12-24 05:08:38,2020-12-24 06:04:07,3329
12:26:26:37:1d:a6,219801A0WA9175Q12297,2020-12-24 05:38:37,2020-12-24 06:04:07,1530
14:16:9e:66:13:58,219801A0WA9175Q13902,2020-12-24 05:38:37,2020-12-24 06:04:07,1530
14:16:9e:66:13:58,219801A0WA9175Q13902,2020-12-24 05:08:38,2020-12-24 05:38:37,1799
14:20:5e:a0:f3:e5,70BA-EFCF-E2E0,2020-12-24 05:37:46,2020-12-24 06:04:07,1581
14:3c:c3:8b:c6:9d,219801A14D816AE06558,2020-12-24 05:08:38,2020-12-24 06:04:07,3329
14:95:ce:da:c5:ef,219801A14D816AE05269,2020-12-24 05:08:38,2020-12-24 06:04:07,3329
14:bd:61:ea:5a:c1,219801A14D816AE06761,2020-12-24 05:38:37,2020-12-24 06:04:07,1530
14:bd:61:ea:5a:c1,219801A14D816AE06761,2020-12-24 05:08:38,2020-12-24 05:38:37,1799
14:c6:97:5a:cc:b7,219801A14D816AE03085,2020-12-24 05:08:38,2020-12-24 06:04:07,3329
14:d0:0d:1f:ca:6b,219801A14D816AE00508,2020-12-24 05:38:37,2020-12-24 06:04:07,1530
14:d0:0d:1f:ca:6b,219801A14D816AE00508,2020-12-24 05:08:38,2020-12-24 05:38:37,1799
16:05:80:eb:6c:b5,219801A0WA9175Q10673,2020-12-24 05:38:37,2020-12-24 06:04:07,1530
16:4c:4f:55:87:77,219801A14D816AE05298,2020-12-24 05:08:38,2020-12-24 06:04:07,3329
18:d7:17:86:17:8f,219801A14D816AE08081,2020-12-24 05:08:38,2020-12-24 06:04:07,3329
18:d7:17:88:d9:73,219801A0WA9175Q10679,2020-12-24 05:38:37,2020-12-24 06:04:07,1530
18:d7:17:88:d9:73,219801A0WA9175Q10679,2020-12-24 05:08:38,2020-12-24 05:38:37,1799
18:d7:17:bb:52:11,219801A0WA9175Q14004,2020-12-24 05:38:37,2020-12-24 06:04:07,1530
18:e7:77:4a:e9:41,219801A0WA9173Q02329,2020-12-24 05:08:38,2020-12-24 05:38:37,1799
18:ee:69:a0:4a:75,219801A14D816AE00918,2020-12-24 05:38:37,2020-12-24 06:04:07,1530
18:ee:69:a0:4a:75,219801A14D816AE02924,2020-12-24 05:08:38,2020-12-24 05:38:37,1799
18:f1:d8:90:60:27,219801A14D816AE01736,2020-12-24 05:38:37,2020-12-24 06:04:07,1530
18:f1:d8:a9:92:62,219801A14D816AE06436,2020-12-24 05:08:38,2020-12-24 06:04:07,3329
1a:59:0c:96:32:b8,219801A14D816AE02905,2020-12-24 05:08:38,2020-12-24 06:04:07,3329
1a:a2:f5:ae:20:ba,219801A14D816AE02375,2020-12-24 05:38:37,2020-12-24 06:04:07,1530
1a:d4:28:b8:38:9b,219801A14D816AE01187,2020-12-24 05:08:38,2020-12-24 06:04:07,3329
1c:1b:b5:8a:6f:24,70BA-EFCB-AD40,2020-12-24 05:07:51,2020-12-24 06:04:07,3376
1c:42:7d:12:1c:47,219801A0WA9175Q10898,2020-12-24 05:08:38,2020-12-24 06:04:07,3329
1c:42:7d:c1:56:6d,219801A14D816AE06492,2020-12-24 05:08:38,2020-12-24 05:38:37,1799
1c:42:7d:cf:3b:75,219801A14D816AE06651,2020-12-24 05:08:38,2020-12-24 06:04:07,3329
1c:5c:f2:c4:90:e8,219801A0WA9175Q11372,2020-12-24 05:38:37,2020-12-24 06:04:07,1530
1c:5c:f2:c4:90:e8,219801A0WA9175Q11372,2020-12-24 05:08:38,2020-12-24 05:38:37,1799
1c:bf:c0:6c:ec:9a,70BA-EFCF-56E0,2020-12-24 05:37:45,2020-12-24 06:04:07,1582
1c:c3:eb:16:50:ad,219801A0WA9175Q14079,2020-12-24 05:38:37,2020-12-24 06:04:07,1530
1c:c3:eb:16:50:ad,219801A0WA9175Q14079,2020-12-24 05:08:38,2020-12-24 05:38:37,1799
1c:da:27:2e:af:aa,219801A0WA9175Q12667,2020-12-24 05:38:37,2020-12-24 06:04:07,1530
1c:da:27:2e:af:aa,219801A0WA9175Q12667,2020-12-24 05:08:38,2020-12-24 05:38:37,1799
1c:da:27:32:23:c6,219801A0WA9175Q10952,2020-12-24 05:08:38,2020-12-24 06:04:07,3329
1c:da:27:43:a1:46,219801A0WA9175Q14000,2020-12-24 05:08:38,2020-12-24 06:04:07,3329
1c:da:27:96:7a:7c,219801A14D816AE06629,2020-12-24 05:38:37,2020-12-24 06:04:07,1530
1c:da:27:96:7a:7c,219801A14D816AE06629,2020-12-24 05:08:38,2020-12-24 05:38:37,1799
1c:da:27:c3:cd:13,219801A14D816AE02878,2020-12-24 05:08:38,2020-12-24 05:38:37,1799
1c:da:27:c3:cd:13,219801A14D816AE02926,2020-12-24 05:38:37,2020-12-24 06:04:07,1530
1c:dd:ea:98:35:af,219801A14D816AE02685,2020-12-24 05:08:38,2020-12-24 05:38:37,1799
1e:14:27:3f:cc:4f,70BA-EFCB-9420,2020-12-24 05:37:51,2020-12-24 06:04:07,1576
1e:14:27:3f:cc:4f,70BA-EFCB-9420,2020-12-24 05:07:51,2020-12-24 05:37:51,1800
1e:2e:0f:82:05:dd,219801A0T78188E00554,2020-12-24 05:08:38,2020-12-24 06:04:07,3329
1e:55:36:9c:07:98,7425-8A50-4340,2020-12-24 05:37:46,2020-12-24 05:40:46,180
1e:e2:21:f9:7d:60,219801A14D816AE07569,2020-12-24 05:08:38,2020-12-24 06:04:07,3329
20:39:56:5f:0f:a7,219801A14D816AE05033,2020-12-24 05:08:38,2020-12-24 06:04:07,3329
20:72:0d:39:1e:dd,70BA-EFCD-31B0,2020-12-24 05:37:51,2020-12-24 06:04:07,1576
20:82:c0:10:f1:ff,219801A14D816AE06556,2020-12-24 05:08:38,2020-12-24 06:04:07,3329
20:cd:6e:f5:c4:89,219801A14D816AE08044,2020-12-24 05:08:38,2020-12-24 06:04:07,3329
20:f4:78:0e:59:89,219801A14D816AE05263,2020-12-24 05:08:38,2020-12-24 05:38:37,1799
20:f4:78:e6:28:05,219801A14D816AE05446,2020-12-24 05:08:38,2020-12-24 05:38:37,1799
20:f7:7c:53:ef:c3,219801A14D816AE01349,2020-12-24 05:08:38,2020-12-24 06:04:07,3329
22:49:d0:88:3f:72,219801A0WA9175Q11003,2020-12-24 05:38:37,2020-12-24 06:04:07,1530
22:7d:12:94:ec:79,70BA-EFCF-E860,2020-12-24 05:37:46,2020-12-24 06:04:07,1581
22:81:1f:44:ba:29,219801A14D816AE06512,2020-12-24 05:38:37,2020-12-24 06:04:07,1530
22:e9:f7:da:fc:43,219801A14D816AE01419,2020-12-24 05:08:38,2020-12-24 06:04:07,3329
22:fb:b7:e7:6f:ce,219801A14D816AE00758,2020-12-24 05:08:38,2020-12-24 06:04:07,3329
24:05:0f:50:cd:05,219801A14D816AE05294,2020-12-24 05:38:37,2020-12-24 06:04:07,1530
24:1b:7a:3b:46:dc,70BA-EFD0-0040,2020-12-24 05:37:51,2020-12-24 06:04:07,1576
24:2e:02:71:d7:2c,219801A14D816AE02908,2020-12-24 05:38:37,2020-12-24 06:04:07,1530
24:79:f3:59:96:b1,219801A0WA9175Q11847,2020-12-24 05:08:38,2020-12-24 06:04:07,3329
24:f6:77:8a:ce:a2,219801A14D816AE02934,2020-12-24 05:38:37,2020-12-24 06:04:07,1530
24:fd:52:74:c1:2c,70BA-EFCB-B4A0,2020-12-24 05:07:51,2020-12-24 06:04:07,3376
26:1e:23:a9:84:44,210235A1GQC162000330,2020-12-24 05:08:38,2020-12-24 06:04:07,3329
26:f9:1e:d1:92:58,219801A14D816AE00860,2020-12-24 05:08:38,2020-12-24 06:04:07,3329
28:16:7f:3a:25:95,219801A14D816AE02649,2020-12-24 05:08:38,2020-12-24 06:04:07,3329
28:16:7f:88:a4:22,219801A14D816AE05036,2020-12-24 05:08:38,2020-12-24 05:38:37,1799
28:cd:c4:c9:16:96,70BA-EFCB-7940,2020-12-24 05:40:53,2020-12-24 06:04:07,1394
28:cd:c4:c9:16:96,70BA-EFCB-7940,2020-12-24 05:37:51,2020-12-24 05:40:53,182
28:ec:95:9a:29:20,70BA-EFCF-E2E0,2020-12-24 05:37:46,2020-12-24 06:04:07,1581
28:f0:76:1a:bf:20,703D-157A-2340,2020-12-24 05:37:51,2020-12-24 06:04:07,1576
28:ff:3c:2d:80:a7,219801A14D816AE00788,2020-12-24 05:08:38,2020-12-24 06:04:07,3329
28:ff:3c:f3:ba:25,70BA-EFCF-A2A0,2020-12-24 05:37:51,2020-12-24 06:04:07,1576
28:ff:3c:f3:ba:25,70BA-EFCF-DF40,2020-12-24 05:07:51,2020-12-24 05:37:51,1800
2a:51:4e:34:67:b4,219801A14D816AE02643,2020-12-24 05:08:38,2020-12-24 06:04:07,3329
2a:ce:2f:70:cc:49,219801A14D816AE02459,2020-12-24 05:08:38,2020-12-24 06:04:07,3329
2c:1f:23:27:04:96,70BA-EFCD-4440,2020-12-24 05:37:51,2020-12-24 06:04:07,1576
2c:33:7a:37:ba:ff,70BA-EFBE-2760,2020-12-24 05:07:45,2020-12-24 05:37:45,1800
2c:6e:85:0e:bc:58,70BA-EFCF-E2E0,2020-12-24 05:37:46,2020-12-24 06:04:07,1581
2c:a9:f0:be:5a:97,219801A14D816AE01617,2020-12-24 05:38:37,2020-12-24 06:04:07,1530
2e:64:e4:45:50:d6,219801A0WA9175Q10776,2020-12-24 05:38:37,2020-12-24 06:04:07,1530
2e:64:e4:45:50:d6,219801A0WA9175Q10776,2020-12-24 05:08:38,2020-12-24 05:38:37,1799
2e:9a:de:3a:a2:61,219801A14D816AE05504,2020-12-24 05:38:37,2020-12-24 06:04:07,1530
2e:b5:95:ea:bc:d7,219801A14D816AE02198,2020-12-24 05:38:37,2020-12-24 06:04:07,1530
2e:b9:c9:af:85:90,219801A14D816AE07383,2020-12-24 05:08:38,2020-12-24 05:38:37,1799
30:10:b3:d0:c6:33,70BA-EFCB-AD20,2020-12-24 05:37:51,2020-12-24 06:04:07,1576
30:35:ad:a0:2f:06,219801A14D816AE07586,2020-12-24 05:38:37,2020-12-24 06:04:07,1530
30:35:ad:a0:2f:06,219801A14D816AE07586,2020-12-24 05:08:38,2020-12-24 05:38:37,1799
30:52:cb:6c:cf:d9,219801A0ST915AG01263,2020-12-24 05:37:46,2020-12-24 06:04:07,1581
30:57:14:c9:7d:a2,219801A14D816AE07028,2020-12-24 05:08:38,2020-12-24 06:04:07,3329
30:a1:fa:25:2d:af,219801A14D816AE05522,2020-12-24 05:38:37,2020-12-24 06:04:07,1530
30:b4:9e:c4:6c:65,70BA-EFCF-F700,2020-12-24 05:40:46,2020-12-24 06:04:07,1401
30:b4:9e:c4:6c:65,70BA-EFCF-F700,2020-12-24 05:37:46,2020-12-24 05:40:46,180
32:6b:d7:e0:74:ce,219801A14D816AE06969,2020-12-24 05:08:38,2020-12-24 06:04:07,3329
32:79:60:e7:dd:70,219801A14D816AE06747,2020-12-24 05:38:37,2020-12-24 06:04:07,1530
32:7d:7b:11:a4:40,219801A0WA9175Q10741,2020-12-24 05:08:38,2020-12-24 06:04:07,3329
32:f4:16:2e:98:c3,70BA-EFCF-DF60,2020-12-24 05:37:46,2020-12-24 06:04:07,1581
32:f9:6d:18:87:e6,70BA-EFCF-6060,2020-12-24 05:37:46,2020-12-24 06:04:07,1581
34:1c:f0:5a:ab:b7,219801A14D816AE05503,2020-12-24 05:38:37,2020-12-24 06:04:07,1530
34:29:12:60:bc:f5,219801A14D816AE05687,2020-12-24 05:08:38,2020-12-24 06:04:07,3329
34:2f:bd:ef:38:06,219801A14D816AE02402,2020-12-24 05:08:38,2020-12-24 06:04:07,3329
34:7c:25:16:2c:a8,70BA-EFBE-2700,2020-12-24 05:37:45,2020-12-24 06:04:07,1582
34:7c:25:2b:5a:26,703D-157A-0820,2020-12-24 05:07:51,2020-12-24 06:04:07,3376
34:a8:eb:3d:0b:6b,219801A14D816AE06975,2020-12-24 05:38:37,2020-12-24 06:04:07,1530
34:a8:eb:70:b3:48,219801A14D816AE05363,2020-12-24 05:08:38,2020-12-24 06:04:07,3329
34:ab:37:d8:b5:68,703D-157A-1800,2020-12-24 05:07:51,2020-12-24 06:04:07,3376
34:e6:ad:1d:57:e0,70BA-EFCF-A060,2020-12-24 05:37:46,2020-12-24 05:40:46,180
34:e6:ad:1d:57:e0,70BA-EFCF-D580,2020-12-24 05:40:46,2020-12-24 06:04:07,1401
38:47:bc:04:2f:d9,219801A0WA9175Q11221,2020-12-24 05:08:38,2020-12-24 06:04:07,3329
38:53:9c:68:b9:c8,219801A14D816AE06569,2020-12-24 05:38:37,2020-12-24 06:04:07,1530
38:89:2c:c0:e5:17,219801A14D816AE01702,2020-12-24 05:08:38,2020-12-24 06:04:07,3329
38:ba:f8:2e:82:5e,703D-157A-1640,2020-12-24 05:40:53,2020-12-24 06:04:07,1394
38:ba:f8:2e:82:5e,703D-157A-1640,2020-12-24 05:07:51,2020-12-24 05:37:51,1800
38:ba:f8:2e:82:5e,703D-157A-1720,2020-12-24 05:37:51,2020-12-24 05:40:53,182
38:ca:da:18:df:cc,219801A14D816AE06570,2020-12-24 05:38:37,2020-12-24 06:04:07,1530
38:ca:da:18:df:cc,219801A14D816AE06570,2020-12-24 05:08:38,2020-12-24 05:38:37,1799
38:f9:d3:99:ca:fc,703D-1579-E660,2020-12-24 05:07:51,2020-12-24 06:04:07,3376
3a:a6:d4:d7:78:9f,219801A14D816AE02172,2020-12-24 05:08:38,2020-12-24 06:04:07,3329
3c:2e:f9:32:f4:e0,219801A14D816AE01882,2020-12-24 05:38:37,2020-12-24 06:04:07,1530
3c:86:d1:21:e1:27,219801A14D816AE01986,2020-12-24 05:08:38,2020-12-24 05:38:37,1799
3c:a6:16:90:c7:3e,219801A14D816AE02621,2020-12-24 05:38:37,2020-12-24 06:04:07,1530
3c:ab:8e:32:b1:96,219801A14D816AE06526,2020-12-24 05:08:38,2020-12-24 06:04:07,3329
3c:f0:11:7a:97:3e,70BA-EFCB-ABA0,2020-12-24 05:37:51,2020-12-24 05:40:53,182
3c:f0:11:7a:97:3e,70BA-EFCB-B740,2020-12-24 05:40:53,2020-12-24 06:04:07,1394
3c:f0:11:7a:97:3e,70BA-EFCB-B740,2020-12-24 05:07:51,2020-12-24 05:37:51,1800
3c:f5:91:16:e3:73,219801A0WA9175Q11288,2020-12-24 05:38:37,2020-12-24 06:04:07,1530
3c:f5:91:3d:ca:db,219801A0WA9175Q10938,2020-12-24 05:38:37,2020-12-24 06:04:07,1530
3c:f5:91:9a:a3:fd,219801A14D816AE06806,2020-12-24 05:08:38,2020-12-24 06:04:07,3329
3c:fa:43:ed:8d:08,219801A0WA9175Q11303,2020-12-24 05:08:38,2020-12-24 06:04:07,3329
3e:9a:bf:b9:d3:31,219801A0T78188E00421,2020-12-24 05:08:38,2020-12-24 06:04:07,3329
3e:a6:fe:02:de:0b,219801A14D816AE01332,2020-12-24 05:08:38,2020-12-24 06:04:07,3329
40:23:43:4e:81:dc,70BA-EFCF-E3E0,2020-12-24 05:37:46,2020-12-24 06:04:07,1581
40:23:43:c7:f2:a7,70BA-EFCF-DBC0,2020-12-24 05:07:45,2020-12-24 05:37:45,1800
40:31:3c:76:b4:f0,219801A14D816AE05383,2020-12-24 05:38:37,2020-12-24 06:04:07,1530
40:b8:9a:47:69:4f,7425-8A88-6A20,2020-12-24 05:37:45,2020-12-24 06:04:07,1582
40:b8:9a:47:69:4f,7425-8A88-6A20,2020-12-24 05:07:45,2020-12-24 05:37:45,1800
40:e2:30:26:39:b9,219801A14D816AE05075,2020-12-24 05:38:37,2020-12-24 06:04:07,1530
40:e2:30:26:39:b9,219801A14D816AE05075,2020-12-24 05:08:38,2020-12-24 05:38:37,1799
42:32:ca:74:5a:bf,219801A0WA9175Q10673,2020-12-24 05:08:38,2020-12-24 06:04:07,3329
42:93:76:82:e0:9e,70BA-EFCF-E2E0,2020-12-24 05:37:46,2020-12-24 06:04:07,1581
44:59:e3:55:77:11,219801A0WA9164Q06007,2020-12-24 05:38:37,2020-12-24 06:04:07,1530
44:59:e3:55:77:11,219801A0WA9164Q06007,2020-12-24 05:08:38,2020-12-24 05:38:37,1799
44:66:fc:81:fe:21,219801A0WA9175Q12306,2020-12-24 05:08:38,2020-12-24 06:04:07,3329
44:9e:f9:2c:08:d9,219801A0WA9175Q11303,2020-12-24 05:08:38,2020-12-24 06:04:07,3329
44:a8:fc:62:4c:f2,219801A14D816AE06450,2020-12-24 05:38:37,2020-12-24 06:04:07,1530
44:ae:ab:37:68:3b,219801A0WA9175Q12640,2020-12-24 05:08:38,2020-12-24 06:04:07,3329
44:f2:1b:e5:15:de,219801A14D816AE06325,2020-12-24 05:08:38,2020-12-24 06:04:07,3329
46:0f:b1:38:9d:dc,219801A14D816AE07221,2020-12-24 05:08:38,2020-12-24 06:04:07,3329
46:20:ca:32:1c:8e,219801A14D816AE02994,2020-12-24 05:08:38,2020-12-24 06:04:07,3329
46:87:32:0b:c1:7c,70BA-EFCB-8EA0,2020-12-24 05:37:51,2020-12-24 06:04:07,1576
46:87:32:0b:c1:7c,70BA-EFCB-8EA0,2020-12-24 05:07:51,2020-12-24 05:37:51,1800
46:f8:92:4a:21:73,70BA-EFCF-8BE0,2020-12-24 05:07:45,2020-12-24 05:37:45,1800
48:3b:38:4f:20:e2,219801A0T78188E00541,2020-12-24 05:38:37,2020-12-24 06:04:07,1530
48:3b:38:4f:20:e2,219801A0T78188E00541,2020-12-24 05:08:38,2020-12-24 05:38:37,1799
48:3b:38:98:1f:c0,219801A14D816AE01742,2020-12-24 05:08:38,2020-12-24 06:04:07,3329
48:3c:0c:d9:50:7e,219801A14D816AE01290,2020-12-24 05:08:38,2020-12-24 06:04:07,3329
48:3f:e9:2a:b0:20,219801A14D816AE06795,2020-12-24 05:38:37,2020-12-24 06:04:07,1530
48:46:c1:3c:28:a9,219801A14D816AE06231,2020-12-24 05:38:37,2020-12-24 06:04:07,1530
48:51:b7:a5:1e:00,70BA-EFCB-FCA0,2020-12-24 05:40:46,2020-12-24 06:04:07,1401
48:95:07:e7:5f:f7,219801A14D816AE02192,2020-12-24 05:38:37,2020-12-24 06:04:07,1530
48:a1:95:c4:10:dd,219801A14D816AE02372,2020-12-24 05:38:37,2020-12-24 06:04:07,1530
48:a9:1c:2f:15:d1,219801A14D816AE02711,2020-12-24 05:38:37,2020-12-24 06:04:07,1530
48:b8:a3:07:9b:2f,219801A14D816AE07206,2020-12-24 05:08:38,2020-12-24 05:38:37,1799
48:b8:a3:07:9b:2f,219801A14D816AE07582,2020-12-24 05:38:37,2020-12-24 06:04:07,1530
48:b8:a3:d7:ba:23,219801A14D816AE02168,2020-12-24 05:08:38,2020-12-24 06:04:07,3329
4a:10:d5:27:8f:42,219801A14D816AE02215,2020-12-24 05:08:38,2020-12-24 06:04:07,3329
4a:2e:3d:4d:af:13,219801A14D816AE01349,2020-12-24 05:38:37,2020-12-24 06:04:07,1530
4a:2e:3d:4d:af:13,219801A14D816AE01349,2020-12-24 05:08:38,2020-12-24 05:38:37,1799
4a:4d:e3:bd:9e:52,70BA-EFD0-2B80,2020-12-24 05:40:53,2020-12-24 06:04:07,1394
4a:4d:e3:bd:9e:52,70BA-EFD0-2B80,2020-12-24 05:37:51,2020-12-24 05:40:53,182
4a:62:18:07:1c:5b,219801A14D816AE05261,2020-12-24 05:38:37,2020-12-24 06:04:07,1530
4c:49:e3:10:e0:de,219801A14D816AE05340,2020-12-24 05:08:38,2020-12-24 05:38:37,1799
4c:63:71:0b:99:e6,219801A14D816AE06796,2020-12-24 05:08:38,2020-12-24 06:04:07,3329
4c:6b:e8:a4:f1:a7,219801A14D816AE06570,2020-12-24 05:08:38,2020-12-24 06:04:07,3329
4c:6b:e8:b2:fc:b0,219801A14D816AE08081,2020-12-24 05:08:38,2020-12-24 06:04:07,3329
4c:6b:e8:ba:21:16,219801A14D816AE05483,2020-12-24 05:38:37,2020-12-24 06:04:07,1530
4c:6b:e8:bb:76:00,219801A14D816AE06246,2020-12-24 05:08:38,2020-12-24 06:04:07,3329
4c:6b:e8:bc:70:41,219801A0WA9175Q13902,2020-12-24 05:08:38,2020-12-24 06:04:07,3329
4c:6b:e8:d3:da:88,70BA-EFD0-2B80,2020-12-24 05:07:51,2020-12-24 06:04:07,3376
4c:6b:e8:e2:b6:cf,70BA-EFD0-00E0,2020-12-24 05:40:53,2020-12-24 06:04:07,1394
4c:6b:e8:e2:b6:cf,70BA-EFD0-00E0,2020-12-24 05:07:51,2020-12-24 05:40:53,1982
4c:6f:9c:60:93:2f,219801A0WA9175Q12901,2020-12-24 05:08:38,2020-12-24 06:04:07,3329
4c:d1:a1:89:c6:e2,70BA-EFCB-EB20,2020-12-24 05:37:51,2020-12-24 06:04:07,1576
4c:eb:bd:90:25:16,703D-157A-23A0,2020-12-24 05:37:51,2020-12-24 06:04:07,1576
4c:eb:bd:90:25:16,703D-157A-23A0,2020-12-24 05:07:51,2020-12-24 05:37:51,1800
4e:47:dc:af:45:ba,219801A14D816AE00210,2020-12-24 05:08:38,2020-12-24 06:04:07,3329
50:3c:ea:ac:c9:b7,219801A14D816AE02473,2020-12-24 05:38:37,2020-12-24 06:04:07,1530
50:7a:55:7a:87:c5,219801A0T78188E00421,2020-12-24 05:08:38,2020-12-24 06:04:07,3329
52:0f:17:c7:e5:a2,219801A0WA9175Q10947,2020-12-24 05:38:37,2020-12-24 06:04:07,1530
52:0f:17:c7:e5:a2,219801A0WA9175Q10947,2020-12-24 05:08:38,2020-12-24 05:38:37,1799
52:65:ef:43:20:ea,219801A14D816AE01642,2020-12-24 05:38:37,2020-12-24 06:04:07,1530
52:b9:ea:fa:98:d3,219801A14D816AE01615,2020-12-24 05:08:38,2020-12-24 06:04:07,3329
52:bf:3c:82:68:81,219801A0WA9175Q14030,2020-12-24 05:08:38,2020-12-24 06:04:07,3329
54:2b:8d:a6:49:0c,219801A14D816AE07579,2020-12-24 05:08:38,2020-12-24 06:04:07,3329
54:2b:8d:cb:db:12,219801A0WA9175Q12718,2020-12-24 05:38:37,2020-12-24 06:04:07,1530
54:2b:8d:cb:db:12,219801A0WA9175Q12718,2020-12-24 05:08:38,2020-12-24 05:38:37,1799
54:35:30:53:ca:09,70BA-EFCB-93C0,2020-12-24 05:37:51,2020-12-24 06:04:07,1576
54:4e:90:24:5f:7e,219801A14D816AE01619,2020-12-24 05:38:37,2020-12-24 06:04:07,1530
54:4e:90:24:5f:7e,219801A14D816AE01641,2020-12-24 05:08:38,2020-12-24 05:38:37,1799
54:92:09:78:46:ed,219801A14D816AE05459,2020-12-24 05:08:38,2020-12-24 06:04:07,3329
54:99:63:76:63:0d,219801A0WA9175Q14016,2020-12-24 05:38:37,2020-12-24 06:04:07,1530
54:ae:27:71:6a:b4,7425-8A88-6A20,2020-12-24 05:37:45,2020-12-24 06:04:07,1582
54:ae:27:71:6a:b4,7425-8A88-6A20,2020-12-24 05:07:45,2020-12-24 05:37:45,1800
54:ba:d6:40:b8:75,219801A14D816AE06477,2020-12-24 05:08:38,2020-12-24 06:04:07,3329
54:ba:d6:71:b9:79,219801A0T78188E00387,2020-12-24 05:08:38,2020-12-24 06:04:07,3329
56:2c:4d:72:27:cb,219801A14D816AE06629,2020-12-24 05:38:37,2020-12-24 06:04:07,1530
56:ac:2e:34:35:4b,219801A0WA9175Q12897,2020-12-24 05:08:38,2020-12-24 06:04:07,3329
58:00:e3:41:9f:63,219801A14D816AE02648,2020-12-24 05:38:37,2020-12-24 06:04:07,1530
58:6b:14:be:2b:9d,219801A14D816AE06436,2020-12-24 05:38:37,2020-12-24 06:04:07,1530
58:85:a2:cf:38:69,219801A0WA9175Q10725,2020-12-24 05:08:38,2020-12-24 06:04:07,3329
58:c6:f0:22:c0:27,210235A1K6C177003791,2020-12-24 05:07:51,2020-12-24 06:01:44,3233
58:e6:ba:62:0d:23,219801A14D816AE02481,2020-12-24 05:08:38,2020-12-24 06:04:07,3329
58:e6:ba:66:86:8e,70BA-EFBF-6960,2020-12-24 05:40:46,2020-12-24 06:04:07,1401
58:e6:ba:66:86:8e,70BA-EFBF-6960,2020-12-24 05:07:45,2020-12-24 05:37:45,1800
58:e6:ba:66:86:8e,70BA-EFBF-6960,2020-12-24 05:37:45,2020-12-24 05:40:46,181
58:e6:ba:9b:0b:7f,219801A14D816AE02258,2020-12-24 05:08:38,2020-12-24 06:04:07,3329
58:e6:ba:dc:d9:d1,70BA-EFCB-F1C0,2020-12-24 05:37:46,2020-12-24 06:04:07,1581
58:fb:84:d4:a2:f1,70BA-EFBF-82C0,2020-12-24 05:37:45,2020-12-24 06:04:07,1582
5a:40:45:5b:eb:d0,219801A0T78188E00363,2020-12-24 05:38:37,2020-12-24 06:04:07,1530
5a:a9:24:44:64:23,219801A0T78188E00442,2020-12-24 05:08:38,2020-12-24 06:04:07,3329
5c:03:39:c8:48:6f,219801A14D816AE06475,2020-12-24 05:08:38,2020-12-24 05:38:37,1799
5c:09:47:a1:05:83,219801A0WA9175Q12166,2020-12-24 05:38:37,2020-12-24 06:04:07,1530
5c:1d:d9:c5:91:5f,219801A0WA9175Q10958,2020-12-24 05:38:37,2020-12-24 06:04:07,1530
5c:a8:6a:8d:b8:0f,219801A14D816AE07219,2020-12-24 05:08:38,2020-12-24 06:04:07,3329
5c:ba:ef:35:de:a5,70BA-EFCF-A060,2020-12-24 05:37:46,2020-12-24 06:04:07,1581
5c:ba:ef:35:e1:49,70BA-EFCB-B4A0,2020-12-24 05:07:51,2020-12-24 06:04:07,3376
5c:ea:1d:69:1f:80,70BA-EFCF-E9E0,2020-12-24 05:40:53,2020-12-24 06:04:07,1394
5c:ea:1d:69:1f:80,70BA-EFCF-E9E0,2020-12-24 05:07:51,2020-12-24 05:40:53,1982
5c:f7:e6:56:e8:8d,70BA-EFCB-F340,2020-12-24 05:37:46,2020-12-24 05:40:46,180
5c:f7:e6:56:e8:8d,70BA-EFCB-F460,2020-12-24 05:40:46,2020-12-24 06:04:07,1401
5c:f7:e6:d6:e7:a8,219801A14D816AE01285,2020-12-24 05:08:38,2020-12-24 06:04:07,3329
5e:3d:31:96:8b:a7,219801A14D816AE00906,2020-12-24 05:38:37,2020-12-24 06:04:07,1530
5e:7e:e2:e3:50:d3,219801A0WA9175Q14035,2020-12-24 05:38:37,2020-12-24 06:04:07,1530
5e:e7:29:82:ad:63,219801A0WA9175Q12661,2020-12-24 05:08:38,2020-12-24 05:38:37,1799
60:02:b4:c4:c7:03,88DF-9E7C-6740,2020-12-24 05:37:45,2020-12-24 06:04:07,1582
60:02:b4:fb:78:d5,307B-AC9B-8B40,2020-12-24 05:37:45,2020-12-24 06:04:07,1582
60:02:b4:fb:78:d5,307B-AC9B-8B40,2020-12-24 05:07:45,2020-12-24 05:37:45,1800
60:14:b3:bb:87:a3,703D-157A-1E60,2020-12-24 05:07:51,2020-12-24 06:04:07,3376
60:67:20:34:79:30,70BA-EFCF-DE20,2020-12-24 05:37:46,2020-12-24 06:04:07,1581
60:8b:0e:75:63:ea,219801A0WA9175Q13168,2020-12-24 05:38:37,2020-12-24 06:04:07,1530
60:8b:0e:98:2d:bb,70BA-EFCB-EFE0,2020-12-24 05:40:46,2020-12-24 06:04:07,1401
60:8c:4a:bb:d5:9c,219801A14D816AE05285,2020-12-24 05:08:38,2020-12-24 06:04:07,3329
60:fe:c5:99:45:0a,219801A14D816AE02159,2020-12-24 05:08:38,2020-12-24 06:04:07,3329
62:c7:95:ba:b6:42,219801A0WA9175Q10984,2020-12-24 05:38:37,2020-12-24 06:04:07,1530
62:f1:d1:ed:5e:ef,219801A14D816AE02946,2020-12-24 05:38:37,2020-12-24 06:04:07,1530
62:f1:d1:ed:5e:ef,219801A14D816AE02946,2020-12-24 05:08:38,2020-12-24 05:38:37,1799
64:0b:d7:ce:fe:d5,219801A14D816AE07572,2020-12-24 05:08:38,2020-12-24 06:04:07,3329
64:5a:ed:3b:14:07,219801A14D816AE03248,2020-12-24 05:38:37,2020-12-24 06:04:07,1530
64:5a:ed:3b:14:07,219801A14D816AE03248,2020-12-24 05:08:38,2020-12-24 05:38:37,1799
64:a2:f9:21:50:16,219801A14D816AE06574,2020-12-24 05:38:37,2020-12-24 06:04:07,1530
64:c7:53:3f:8b:c3,219801A0WA9175Q10802,2020-12-24 05:38:37,2020-12-24 06:04:07,1530
66:31:e2:21:d2:ff,219801A0WA9175Q14023,2020-12-24 05:38:37,2020-12-24 06:04:07,1530
66:31:e2:21:d2:ff,219801A0WA9175Q14023,2020-12-24 05:08:38,2020-12-24 05:38:37,1799
66:73:d9:ab:48:35,219801A0WA9175Q13556,2020-12-24 05:38:37,2020-12-24 06:04:07,1530
66:73:d9:ab:48:35,219801A0WA9175Q13556,2020-12-24 05:08:38,2020-12-24 05:38:37,1799
66:8f:84:d2:35:e0,219801A14D816AE06656,2020-12-24 05:38:37,2020-12-24 05:40:43,126
66:8f:84:d2:35:e0,70F9-6D73-72A0,2020-12-24 05:37:45,2020-12-24 05:38:30,45
66:8f:84:d2:35:e0,70F9-6D73-72A0,2020-12-24 05:40:46,2020-12-24 05:44:08,202
68:07:15:4a:51:c8,70BA-EFCB-ACE0,2020-12-24 05:07:51,2020-12-24 05:37:51,1800
68:07:15:4a:51:c8,70BA-EFCF-A4C0,2020-12-24 05:37:51,2020-12-24 06:04:07,1576
6a:93:3a:0d:77:50,219801A14D816AE05290,2020-12-24 05:38:37,2020-12-24 06:04:07,1530
6a:c6:35:61:15:97,219801A0WA9175Q14031,2020-12-24 05:08:38,2020-12-24 06:04:07,3329
6c:19:c0:47:87:9d,70BA-EFCB-A7C0,2020-12-24 05:40:53,2020-12-24 06:04:07,1394
6c:19:c0:47:87:9d,70BA-EFCB-A7C0,2020-12-24 05:07:51,2020-12-24 05:40:53,1982
6c:19:c0:50:a9:37,219801A14D816AE05226,2020-12-24 05:38:37,2020-12-24 06:04:07,1530
6c:19:c0:50:a9:37,219801A14D816AE05226,2020-12-24 05:08:38,2020-12-24 05:38:37,1799
6c:94:f8:8f:e5:54,219801A14D816AE06718,2020-12-24 05:38:37,2020-12-24 06:04:07,1530
6c:94:f8:8f:e5:54,219801A14D816AE06760,2020-12-24 05:08:38,2020-12-24 05:38:37,1799
6c:94:f8:b7:45:f4,70BA-EFBF-7000,2020-12-24 05:07:45,2020-12-24 06:04:07,3382
6c:ab:31:de:b5:88,219801A0WA9175Q12069,2020-12-24 05:38:37,2020-12-24 05:55:43,1026
6c:d7:1f:7e:57:53,219801A0WA9175Q13987,2020-12-24 05:38:37,2020-12-24 06:04:07,1530
6c:d7:1f:7e:57:53,219801A0WA9175Q13987,2020-12-24 05:08:38,2020-12-24 05:38:37,1799
6c:d7:1f:84:d4:d7,219801A14D816AE06324,2020-12-24 05:08:38,2020-12-24 05:38:37,1799
6c:e8:5c:15:e0:1d,219801A0WA9175Q10979,2020-12-24 05:08:38,2020-12-24 06:04:07,3329
6c:e8:5c:ac:3f:af,219801A14D816AE04973,2020-12-24 05:38:37,2020-12-24 06:04:07,1530
6e:8b:4d:65:ea:01,219801A14D816AE07479,2020-12-24 05:38:37,2020-12-24 06:04:07,1530
70:3a:51:2c:d3:59,219801A14D816AE05231,2020-12-24 05:08:38,2020-12-24 05:38:37,1799
70:3a:51:2c:d3:59,219801A14D816AE05232,2020-12-24 05:38:37,2020-12-24 06:04:07,1530
70:3c:69:39:77:4a,88DF-9E7C-4FE0,2020-12-24 05:40:46,2020-12-24 06:04:07,1401
70:3c:69:a2:3c:ef,219801A14D816AE07212,2020-12-24 05:38:37,2020-12-24 06:04:07,1530
70:47:e9:06:ad:b1,219801A14D816AE05301,2020-12-24 05:38:37,2020-12-24 06:04:07,1530
70:47:e9:41:32:87,219801A0WA9175Q13204,2020-12-24 05:08:38,2020-12-24 05:38:37,1799
70:47:e9:41:32:87,219801A0WA9175Q14046,2020-12-24 05:38:37,2020-12-24 06:04:07,1530
70:48:0f:5a:69:3f,219801A14D816AE06522,2020-12-24 05:38:37,2020-12-24 06:04:07,1530
70:5e:55:9c:3c:f9,219801A14D816AE05412,2020-12-24 05:38:37,2020-12-24 06:04:07,1530
70:d9:23:36:0e:be,219801A0WA9175Q11249,2020-12-24 05:08:38,2020-12-24 06:04:07,3329
70:ea:5a:37:e2:63,70BA-EFBF-6700,2020-12-24 05:07:45,2020-12-24 06:04:07,3382
70:f0:87:8f:6a:a5,219801A14D816AE02825,2020-12-24 05:08:38,2020-12-24 06:04:07,3329
72:a0:40:54:d2:46,70BA-EFCF-A060,2020-12-24 05:37:46,2020-12-24 06:04:07,1581
74:1b:b2:7f:57:21,70BA-EFCB-B020,2020-12-24 05:37:45,2020-12-24 06:04:07,1582
74:29:af:9d:e6:6d,70BA-EFCB-ADC0,2020-12-24 05:07:51,2020-12-24 06:04:07,3376
74:40:bb:7c:17:aa,703D-1579-E880,2020-12-24 05:07:51,2020-12-24 06:04:07,3376
74:60:fa:76:57:02,219801A14D816AE08029,2020-12-24 05:08:38,2020-12-24 06:04:07,3329
74:81:14:8f:d1:04,219801A14D816AE06270,2020-12-24 05:38:37,2020-12-24 06:04:07,1530
74:ac:5f:fb:1e:1f,219801A14D816AE05036,2020-12-24 05:08:38,2020-12-24 06:04:07,3329
74:b5:87:d4:49:62,219801A14D816AE05474,2020-12-24 05:08:38,2020-12-24 06:04:07,3329
74:e5:43:3b:6d:35,70BA-EFCB-EEE0,2020-12-24 05:37:46,2020-12-24 06:04:07,1581
76:62:75:e0:c8:dc,219801A14D816AE05275,2020-12-24 05:08:38,2020-12-24 06:04:07,3329
76:e8:62:7c:b6:50,219801A14D816AE08018,2020-12-24 05:38:37,2020-12-24 06:04:07,1530
78:36:cc:50:71:ff,219801A0WA9175Q11387,2020-12-24 05:38:37,2020-12-24 06:04:07,1530
78:4f:43:ab:95:14,219801A14D816AE06938,2020-12-24 05:38:37,2020-12-24 06:04:07,1530
78:d7:5f:08:61:6a,70BA-EFCC-0000,2020-12-24 05:07:45,2020-12-24 06:04:07,3382
78:d7:5f:9d:fd:88,70BA-EFCB-A500,2020-12-24 05:37:51,2020-12-24 05:40:53,182
78:d7:5f:9d:fd:88,70BA-EFCB-B880,2020-12-24 05:40:53,2020-12-24 06:04:07,1394
78:d7:5f:9d:fd:88,70BA-EFCB-B880,2020-12-24 05:07:51,2020-12-24 05:37:51,1800
7a:fa:15:95:a1:3e,219801A14D816AE02832,2020-12-24 05:08:38,2020-12-24 06:04:07,3329
7c:01:91:c3:cf:45,219801A0T78188E00563,2020-12-24 05:08:38,2020-12-24 06:04:07,3329
7c:03:ab:17:f1:fe,70BA-EFCF-F360,2020-12-24 05:37:51,2020-12-24 06:04:07,1576
7c:03:ab:17:f1:fe,70BA-EFCF-F360,2020-12-24 05:07:51,2020-12-24 05:37:51,1800
7c:2a:db:0f:09:db,219801A14D816AE02030,2020-12-24 05:08:38,2020-12-24 06:04:07,3329
7c:2a:db:70:50:d5,219801A14D816AE05182,2020-12-24 05:38:37,2020-12-24 06:04:07,1530
7c:2a:db:70:50:d5,219801A14D816AE05182,2020-12-24 05:08:38,2020-12-24 05:38:37,1799
7c:76:68:c5:8f:1f,219801A0WA9175Q13460,2020-12-24 05:38:37,2020-12-24 06:04:07,1530
7c:a1:ae:cf:f9:54,219801A0WA9175Q10894,2020-12-24 05:38:37,2020-12-24 06:04:07,1530
7c:ab:60:3c:26:4b,219801A0WA9175Q13604,2020-12-24 05:38:37,2020-12-24 06:04:07,1530
7c:ab:60:3c:26:4b,219801A0WA9175Q13604,2020-12-24 05:08:38,2020-12-24 05:38:37,1799
7c:ab:60:50:e6:06,219801A14D816AE00758,2020-12-24 05:38:37,2020-12-24 06:04:07,1530
7c:ab:60:50:e6:06,219801A14D816AE00758,2020-12-24 05:08:38,2020-12-24 05:38:37,1799
7e:24:de:ca:95:68,219801A14D816AE00508,2020-12-24 05:08:38,2020-12-24 06:04:07,3329
7e:54:f6:19:1a:01,219801A14D816AE05488,2020-12-24 05:38:37,2020-12-24 06:04:07,1530
7e:54:f6:19:1a:01,219801A14D816AE05488,2020-12-24 05:08:38,2020-12-24 05:38:37,1799
80:0c:67:da:dc:4c,219801A0T78188E00375,2020-12-24 05:38:37,2020-12-24 06:04:07,1530
80:0c:67:da:dc:4c,219801A0T78188E00375,2020-12-24 05:08:38,2020-12-24 05:38:37,1799
80:a5:89:97:58:5b,70BA-EFCF-DA00,2020-12-24 05:40:46,2020-12-24 06:04:07,1401
80:a5:89:97:58:5b,70BA-EFCF-DA00,2020-12-24 05:37:46,2020-12-24 05:40:46,180
82:0c:c9:d6:29:85,219801A0WA9175Q12926,2020-12-24 05:38:37,2020-12-24 06:04:07,1530
82:0c:c9:d6:29:85,219801A0WA9175Q12926,2020-12-24 05:08:38,2020-12-24 05:38:37,1799
82:34:b7:e8:70:9e,219801A0WA9175Q10740,2020-12-24 05:08:38,2020-12-24 06:04:07,3329
84:41:67:a1:4d:d6,219801A14D816AE02236,2020-12-24 05:38:37,2020-12-24 06:04:07,1530
84:a1:34:0f:8b:c0,70BA-EFD0-0160,2020-12-24 05:37:45,2020-12-24 06:04:07,1582
84:a1:34:0f:8b:c0,70BA-EFD0-2380,2020-12-24 05:07:45,2020-12-24 05:37:45,1800
84:c5:a6:63:a9:34,50DA-009D-6880,2020-12-24 05:07:45,2020-12-24 05:37:45,1800
84:c5:a6:d7:1c:39,70BA-EFCB-8E80,2020-12-24 05:07:51,2020-12-24 06:04:07,3376
86:05:1d:bf:f8:4f,219801A14D816AE06511,2020-12-24 05:08:38,2020-12-24 06:04:07,3329
88:10:8f:00:1c:4a,219801A14D816AE00435,2020-12-24 05:08:38,2020-12-24 06:04:07,3329
88:a9:b7:cd:88:ac,219801A0WA9175Q14143,2020-12-24 05:08:38,2020-12-24 06:04:07,3329
88:a9:b7:e8:d5:3a,219801A14D816AE04981,2020-12-24 05:08:38,2020-12-24 06:04:07,3329
88:c0:8b:02:c2:29,219801A14D816AE06580,2020-12-24 05:38:37,2020-12-24 06:04:07,1530
88:d5:0c:d7:4d:ad,219801A0WA9175Q12422,2020-12-24 05:08:38,2020-12-24 06:04:07,3329
88:e9:fe:39:f6:8c,219801A0WA9175Q11814,2020-12-24 05:08:38,2020-12-24 06:04:07,3329
88:f5:6e:8f:b8:0e,219801A0WA9175Q10908,2020-12-24 05:08:38,2020-12-24 06:04:07,3329
8a:09:b4:6d:92:c8,219801A14D816AE06443,2020-12-24 05:38:37,2020-12-24 06:04:07,1530
8a:35:90:9b:38:f9,219801A0WA9175Q10917,2020-12-24 05:08:38,2020-12-24 06:04:07,3329
8a:37:5d:59:7b:84,219801A14D816AE02865,2020-12-24 05:08:38,2020-12-24 06:04:07,3329
8a:48:3b:85:7c:c4,219801A0WA9175Q12887,2020-12-24 05:08:38,2020-12-24 06:04:07,3329
8a:51:a7:f6:9c:52,219801A14D816AE05326,2020-12-24 05:38:37,2020-12-24 06:04:07,1530
8a:65:2f:6c:48:5c,70BA-EFCB-F820,2020-12-24 05:07:51,2020-12-24 06:04:07,3376
8a:e5:28:84:b8:61,219801A0T78188E00543,2020-12-24 05:38:37,2020-12-24 06:04:07,1530
8a:e7:74:e0:14:20,219801A14D816AE06485,2020-12-24 05:08:38,2020-12-24 06:04:07,3329
8c:45:00:28:bc:f5,219801A0WA9175Q12677,2020-12-24 05:08:38,2020-12-24 06:04:07,3329
8c:85:90:25:d8:23,70BA-EFCF-D620,2020-12-24 05:07:51,2020-12-24 05:37:51,1800
8c:85:90:25:d8:23,70BA-EFCF-E1C0,2020-12-24 05:40:53,2020-12-24 06:04:07,1394
8c:85:90:25:d8:23,70BA-EFCF-E1C0,2020-12-24 05:37:51,2020-12-24 05:40:53,182
8c:c8:4b:80:6a:a1,703D-157A-1D20,2020-12-24 05:07:51,2020-12-24 06:04:07,3376
8c:c8:4b:d4:dd:53,219801A0WA9175Q13943,2020-12-24 05:38:37,2020-12-24 06:04:07,1530
8c:fe:57:34:fb:51,219801A14D816AE06427,2020-12-24 05:38:37,2020-12-24 05:40:50,133
8c:fe:57:34:fb:51,70BA-EFCB-7BE0,2020-12-24 05:37:51,2020-12-24 05:38:30,39
8c:fe:57:34:fb:51,70BA-EFCB-7BE0,2020-12-24 05:40:53,2020-12-24 05:44:08,195
8e:2c:95:fc:6d:57,219801A0WA9175Q12032,2020-12-24 05:08:38,2020-12-24 06:04:07,3329
8e:3c:7c:9b:ce:64,219801A0WA9175Q10724,2020-12-24 05:38:37,2020-12-24 06:04:07,1530
90:17:c8:ef:29:d5,70F9-6DB8-4E40,2020-12-24 05:40:46,2020-12-24 06:04:07,1401
90:17:c8:ef:29:d5,70F9-6DB8-51C0,2020-12-24 05:37:45,2020-12-24 05:40:46,181
90:ad:f7:31:a3:2a,219801A14D816AE05294,2020-12-24 05:08:38,2020-12-24 06:04:07,3329
90:c5:4a:32:92:33,219801A0WA9175Q14035,2020-12-24 05:38:37,2020-12-24 06:04:07,1530
90:cd:b6:3b:28:37,70BA-EFCD-3FF0,2020-12-24 05:07:51,2020-12-24 05:37:51,1800
90:cd:b6:3b:28:37,70BA-EFCD-4140,2020-12-24 05:37:51,2020-12-24 06:04:07,1576
90:cd:b6:6d:42:a1,3822-D6A6-DDA0,2020-12-24 05:37:46,2020-12-24 05:40:46,180
90:cd:b6:6d:42:a1,70BA-EFCF-E2E0,2020-12-24 05:40:46,2020-12-24 06:04:07,1401
90:f0:52:6d:2d:33,219801A14D816AE06773,2020-12-24 05:08:38,2020-12-24 06:04:07,3329
90:f0:52:6e:d4:7a,219801A14D816AE06745,2020-12-24 05:38:37,2020-12-24 06:04:07,1530
90:f0:52:6e:d4:7a,219801A14D816AE06745,2020-12-24 05:08:38,2020-12-24 05:38:37,1799
90:f0:52:7f:df:0c,219801A14D816AE00111,2020-12-24 05:38:37,2020-12-24 06:04:07,1530
90:f0:52:7f:df:0c,219801A14D816AE01359,2020-12-24 05:08:38,2020-12-24 05:38:37,1799
90:f0:52:80:4b:50,219801A14D816AE02162,2020-12-24 05:38:37,2020-12-24 06:04:07,1530
90:f0:52:82:51:f2,219801A14D816AE06963,2020-12-24 05:08:38,2020-12-24 06:04:07,3329
90:f0:52:8e:f9:8f,219801A14D816AE06436,2020-12-24 05:08:38,2020-12-24 06:04:07,3329
92:13:ea:40:53:ea,219801A14D816AE00543,2020-12-24 05:08:38,2020-12-24 06:04:07,3329
92:6c:92:4f:0f:00,5866-BAA8-7040,2020-12-24 05:37:46,2020-12-24 06:04:07,1581
94:17:00:41:d7:3c,219801A0T78188E00419,2020-12-24 05:08:38,2020-12-24 05:38:37,1799
94:53:30:90:98:ca,70BA-EFCB-9320,2020-12-24 05:37:51,2020-12-24 06:04:07,1576
94:53:30:90:98:ca,70BA-EFCB-9320,2020-12-24 05:07:51,2020-12-24 05:37:51,1800
94:87:e0:31:09:03,70BA-EFCB-7BE0,2020-12-24 05:40:53,2020-12-24 06:04:07,1394
94:87:e0:32:b0:3b,219801A0WA9175Q11269,2020-12-24 05:08:38,2020-12-24 06:04:07,3329
94:87:e0:62:cb:d9,219801A14D816AE05282,2020-12-24 05:38:37,2020-12-24 06:04:07,1530
94:87:e0:62:cb:d9,219801A14D816AE05288,2020-12-24 05:08:38,2020-12-24 05:38:37,1799
94:87:e0:66:b1:cf,70BA-EFCD-2580,2020-12-24 05:37:51,2020-12-24 06:04:07,1576
94:bf:2d:05:50:ec,219801A14D816AE06760,2020-12-24 05:08:38,2020-12-24 06:04:07,3329
94:bf:2d:a7:be:73,219801A0WA9175Q14079,2020-12-24 05:08:38,2020-12-24 06:04:07,3329
94:e7:0b:b2:9e:e0,5866-BAA8-5B20,2020-12-24 05:37:45,2020-12-24 06:04:07,1582
94:f6:d6:36:9b:88,219801A14D816AE08083,2020-12-24 05:38:37,2020-12-24 06:04:07,1530
94:f6:d6:4e:fb:5e,219801A0T78188E00408,2020-12-24 05:08:38,2020-12-24 06:04:07,3329
96:56:d4:48:85:03,219801A14D816AE06549,2020-12-24 05:38:37,2020-12-24 06:04:07,1530
96:56:d4:48:85:03,219801A14D816AE06549,2020-12-24 05:08:38,2020-12-24 05:38:37,1799
96:6c:bd:09:e0:2f,219801A14D816AE02034,2020-12-24 05:38:37,2020-12-24 06:04:07,1530
96:96:af:86:e5:d6,70BA-EFCB-FB20,2020-12-24 05:07:45,2020-12-24 06:04:07,3382
96:a3:50:c9:9c:4b,7425-8A50-0F40,2020-12-24 05:07:45,2020-12-24 06:04:07,3382
98:01:a7:29:f4:cc,219801A14D816AE06761,2020-12-24 05:08:38,2020-12-24 06:04:07,3329
98:01:a7:9f:5d:f7,219801A14D816AE03293,2020-12-24 05:08:38,2020-12-24 06:04:07,3329
98:01:a7:cf:72:fb,70BA-EFD0-0360,2020-12-24 05:07:51,2020-12-24 06:04:07,3376
98:10:e8:62:7e:7c,219801A0WA9175Q13668,2020-12-24 05:08:38,2020-12-24 06:04:07,3329
98:2c:bc:ea:f8:d0,70BA-EFD0-1880,2020-12-24 05:07:51,2020-12-24 06:04:07,3376
98:46:0a:06:a7:2c,5866-BAA8-A780,2020-12-24 05:40:45,2020-12-24 06:04:07,1402
98:46:0a:06:a7:2c,5866-BAA8-A780,2020-12-24 05:37:45,2020-12-24 05:40:45,180
98:9c:57:59:cd:44,219801A0T78188E00398,2020-12-24 05:08:38,2020-12-24 06:04:07,3329
98:9e:63:46:5c:90,70BA-EFCF-E320,2020-12-24 05:07:51,2020-12-24 06:04:07,3376
98:af:65:c1:34:91,70BA-EFCB-F1C0,2020-12-24 05:40:46,2020-12-24 06:04:07,1401
9a:42:b8:c2:c4:07,219801A0WA9175Q11172,2020-12-24 05:08:38,2020-12-24 06:04:07,3329
9a:5c:2d:71:20:67,219801A14D816AE01344,2020-12-24 05:38:37,2020-12-24 06:04:07,1530
9a:fb:55:6e:4e:a0,219801A14D816AE06707,2020-12-24 05:08:38,2020-12-24 06:04:07,3329
9c:0c:df:79:37:0d,219801A0WA9175Q12650,2020-12-24 05:38:37,2020-12-24 06:04:07,1530
9c:0c:df:8a:3f:c1,219801A14D816AE04827,2020-12-24 05:38:37,2020-12-24 06:04:07,1530
9c:28:f7:7e:4d:7d,219801A14D816AE06371,2020-12-24 05:08:38,2020-12-24 05:38:37,1799
9c:2e:a1:b8:2a:c3,219801A14D816AE02827,2020-12-24 05:08:38,2020-12-24 06:04:07,3329
9c:4f:da:0e:74:f3,210235A1GQC166002135,2020-12-24 05:37:51,2020-12-24 06:04:07,1576
9c:5f:5a:77:0c:8f,219801A0WA9175Q12921,2020-12-24 05:08:38,2020-12-24 05:38:37,1799
9c:e3:3f:d7:d6:62,219801A14D816AE07023,2020-12-24 05:08:38,2020-12-24 06:04:07,3329
9c:e8:2b:26:a0:8f,219801A0WA9175Q12669,2020-12-24 05:38:37,2020-12-24 06:04:07,1530
9c:f4:8e:69:d0:a1,219801A14D816AE06633,2020-12-24 05:38:37,2020-12-24 06:04:07,1530
9c:f4:8e:b1:47:4d,219801A14D816AE02651,2020-12-24 05:38:37,2020-12-24 06:04:07,1530
9c:f5:31:f3:16:97,219801A0WA9175Q11814,2020-12-24 05:08:38,2020-12-24 06:04:07,3329
9e:13:ea:e0:98:e9,70BA-EFCB-FC20,2020-12-24 05:37:45,2020-12-24 06:04:07,1582
9e:2c:62:16:9e:92,219801A0T78188E00557,2020-12-24 05:38:37,2020-12-24 06:04:07,1530
9e:50:c6:23:b9:0d,70BA-EFCF-F360,2020-12-24 05:40:53,2020-12-24 06:04:07,1394
9e:50:c6:23:b9:0d,70BA-EFCF-F360,2020-12-24 05:37:51,2020-12-24 05:40:53,182
9e:b3:cf:82:a7:a1,219801A14D816AE07547,2020-12-24 05:38:37,2020-12-24 06:04:07,1530
9e:b6:54:0d:40:92,219801A14D816AE05182,2020-12-24 05:08:38,2020-12-24 06:04:07,3329
9e:b6:bd:2c:be:a1,219801A0WA9175Q13987,2020-12-24 05:08:38,2020-12-24 06:04:07,3329
9e:c2:e7:8a:0c:48,219801A14D816AE01867,2020-12-24 05:08:38,2020-12-24 05:38:37,1799
a0:3b:e3:97:7e:f8,219801A14D816AE02424,2020-12-24 05:38:37,2020-12-24 06:04:07,1530
a0:3b:e3:97:7e:f8,219801A14D816AE02424,2020-12-24 05:08:38,2020-12-24 05:38:37,1799
a0:3b:e3:b1:54:ee,219801A14D816AE00904,2020-12-24 05:38:37,2020-12-24 06:04:07,1530
a0:3b:e3:b1:54:ee,219801A14D816AE00904,2020-12-24 05:08:38,2020-12-24 05:38:37,1799
a0:4e:a7:02:8f:35,219801A14D816AE02654,2020-12-24 05:38:37,2020-12-24 06:04:07,1530
a0:51:0b:6d:09:61,219801A14D816AE02538,2020-12-24 05:08:38,2020-12-24 06:04:07,3329
a0:57:e3:02:49:52,219801A0WA9175Q14091,2020-12-24 05:08:38,2020-12-24 06:04:07,3329
a0:57:e3:e7:c2:f5,219801A0WA9175Q13057,2020-12-24 05:38:37,2020-12-24 06:04:07,1530
a0:99:9b:e8:ab:01,70BA-EFBF-6960,2020-12-24 05:40:46,2020-12-24 06:04:07,1401
a0:99:9b:e8:ab:01,70BA-EFBF-6960,2020-12-24 05:37:45,2020-12-24 05:40:46,181
a2:69:63:22:38:64,219801A14D816AE02255,2020-12-24 05:08:38,2020-12-24 06:04:07,3329
a2:b0:b2:4d:24:38,219801A14D816AE03143,2020-12-24 05:08:38,2020-12-24 06:04:07,3329
a2:e3:c1:0a:f5:73,70BA-EFCF-F360,2020-12-24 05:07:51,2020-12-24 06:04:07,3376
a2:ef:89:8a:71:7f,219801A14D816AE02994,2020-12-24 05:08:38,2020-12-24 06:04:07,3329
a4:12:32:60:10:8d,7425-8A50-36A0,2020-12-24 05:07:45,2020-12-24 06:04:07,3382
a4:50:46:0a:e5:ef,219801A0WA9175Q11431,2020-12-24 05:38:37,2020-12-24 06:04:07,1530
a4:50:46:0a:e5:ef,219801A0WA9175Q11431,2020-12-24 05:08:38,2020-12-24 05:38:37,1799
a4:50:46:14:14:41,219801A14D816AE08036,2020-12-24 05:38:37,2020-12-24 06:04:07,1530
a4:50:46:f3:79:a4,219801A14D816AE07563,2020-12-24 05:38:37,2020-12-24 06:04:07,1530
a4:50:46:fd:0f:db,219801A14D816AE05324,2020-12-24 05:08:38,2020-12-24 06:04:07,3329
a4:83:e7:22:e8:de,88DF-9E7C-3920,2020-12-24 05:37:45,2020-12-24 06:04:07,1582
a4:83:e7:59:2e:bc,219801A14D816AE00179,2020-12-24 05:38:37,2020-12-24 06:04:07,1530
a4:83:e7:cf:8c:ee,703D-157A-0820,2020-12-24 05:07:51,2020-12-24 06:04:07,3376
a4:93:3f:cf:0d:ac,219801A14D816AE06564,2020-12-24 05:08:38,2020-12-24 05:38:37,1799
a4:9b:4f:66:ef:14,219801A14D816AE07219,2020-12-24 05:38:37,2020-12-24 06:04:07,1530
a4:9b:4f:a3:19:c7,219801A0WA9175Q10709,2020-12-24 05:08:38,2020-12-24 06:04:07,3329
a4:c9:39:6f:30:cf,219801A14D816AE02773,2020-12-24 05:38:37,2020-12-24 06:04:07,1530
a4:c9:39:6f:30:cf,219801A14D816AE02896,2020-12-24 05:08:38,2020-12-24 05:38:37,1799
a4:c9:39:ae:99:6f,219801A0WA9175Q12274,2020-12-24 05:08:38,2020-12-24 05:38:37,1799
a4:c9:39:b2:3e:41,219801A0WA9175Q14091,2020-12-24 05:08:38,2020-12-24 06:04:07,3329
a4:d1:8c:2d:19:f7,219801A14D816AE01986,2020-12-24 05:08:38,2020-12-24 06:04:07,3329
a4:d9:31:8e:a5:e9,219801A14D816AE02718,2020-12-24 05:38:37,2020-12-24 06:04:07,1530
a4:d9:31:8e:a5:e9,219801A14D816AE02718,2020-12-24 05:08:38,2020-12-24 05:38:37,1799
a4:d9:31:9e:c5:04,219801A14D816AE06484,2020-12-24 05:38:37,2020-12-24 06:04:07,1530
a4:d9:31:9e:c5:04,219801A14D816AE06497,2020-12-24 05:08:38,2020-12-24 05:38:37,1799
a6:db:05:2f:24:f9,219801A14D816AE06468,2020-12-24 05:08:38,2020-12-24 06:04:07,3329
a6:f4:52:b2:66:c2,219801A14D816AE05297,2020-12-24 05:08:38,2020-12-24 06:04:07,3329
a8:66:7f:02:16:3c,219801A14D816AE00758,2020-12-24 05:38:37,2020-12-24 06:04:07,1530
a8:66:7f:02:16:3c,219801A14D816AE00758,2020-12-24 05:08:38,2020-12-24 05:38:37,1799
a8:6b:ad:58:b3:12,70BA-EFCF-A640,2020-12-24 05:07:45,2020-12-24 06:04:07,3382
a8:7d:12:3d:05:4b,219801A14D816AE06570,2020-12-24 05:38:37,2020-12-24 06:04:07,1530
a8:7e:ea:2f:64:e4,703D-157A-1EA0,2020-12-24 05:07:51,2020-12-24 06:04:07,3376
a8:7e:ea:6e:4c:3b,70BA-EFCB-F720,2020-12-24 05:37:51,2020-12-24 06:04:07,1576
a8:9c:ed:87:4d:8a,219801A14D816AE01828,2020-12-24 05:08:38,2020-12-24 05:38:37,1799
a8:be:27:a8:ab:65,219801A14D816AE00494,2020-12-24 05:08:38,2020-12-24 06:04:07,3329
a8:e5:44:b7:ec:dc,219801A0WA9175Q12496,2020-12-24 05:08:38,2020-12-24 06:04:07,3329
aa:31:9f:b1:f3:0e,219801A0WA9175Q12577,2020-12-24 05:38:37,2020-12-24 06:04:07,1530
aa:3b:62:f1:22:fd,219801A14D816AE06797,2020-12-24 05:38:37,2020-12-24 06:04:07,1530
aa:3b:62:f1:22:fd,219801A14D816AE06955,2020-12-24 05:08:38,2020-12-24 05:38:37,1799
aa:99:eb:4d:43:ad,219801A0WA9175Q13626,2020-12-24 05:38:37,2020-12-24 06:04:07,1530
aa:99:eb:4d:43:ad,219801A0WA9175Q13626,2020-12-24 05:08:38,2020-12-24 05:38:37,1799
aa:ca:5e:0c:29:94,219801A0WA9175Q14098,2020-12-24 05:38:37,2020-12-24 06:04:07,1530
ac:15:f4:00:ff:30,219801A0WA9175Q12277,2020-12-24 05:38:37,2020-12-24 06:04:07,1530
ac:15:f4:00:ff:30,219801A0WA9175Q13574,2020-12-24 05:08:38,2020-12-24 05:38:37,1799
ac:15:f4:68:a5:83,219801A14D816AE01000,2020-12-24 05:08:38,2020-12-24 06:04:07,3329
ac:15:f4:7e:7e:33,219801A0WA9175Q12601,2020-12-24 05:08:38,2020-12-24 06:04:07,3329
ac:15:f4:93:13:ee,70F9-6DD3-D0C0,2020-12-24 05:07:45,2020-12-24 05:37:45,1800
ac:15:f4:93:13:ee,70F9-6DD4-12C0,2020-12-24 05:37:45,2020-12-24 06:04:07,1582
ac:15:f4:9d:46:bd,219801A0WA9175Q12647,2020-12-24 05:38:37,2020-12-24 06:04:07,1530
ac:15:f4:9d:46:bd,219801A0WA9175Q12647,2020-12-24 05:08:38,2020-12-24 05:38:37,1799
ac:1f:74:dd:66:88,219801A14D816AE02648,2020-12-24 05:08:38,2020-12-24 06:04:07,3329
ac:29:3a:a8:87:de,219801A14D816AE00442,2020-12-24 05:38:37,2020-12-24 06:04:07,1530
ac:2b:6e:39:08:7d,70BA-EFCB-B080,2020-12-24 05:07:51,2020-12-24 06:04:07,3376
ac:88:fd:7d:08:5f,219801A14D816AE07579,2020-12-24 05:38:37,2020-12-24 06:04:07,1530
ac:88:fd:7d:08:5f,219801A14D816AE07579,2020-12-24 05:08:38,2020-12-24 05:38:37,1799
ac:92:32:6b:c7:a9,219801A0T78188E00515,2020-12-24 05:38:37,2020-12-24 06:04:07,1530
ac:b5:7d:85:cb:c0,703D-1579-F620,2020-12-24 05:40:53,2020-12-24 06:04:07,1394
ac:e3:42:2b:1f:08,219801A0WA9175Q12637,2020-12-24 05:08:38,2020-12-24 06:04:07,3329
ac:e4:b5:84:89:2f,70BA-EFCF-E860,2020-12-24 05:37:46,2020-12-24 06:04:07,1581
ae:ed:eb:68:9d:66,219801A14D816AE05522,2020-12-24 05:38:37,2020-12-24 06:04:07,1530
ae:ed:eb:68:9d:66,219801A14D816AE05522,2020-12-24 05:08:38,2020-12-24 05:38:37,1799
ae:f4:ec:5a:01:e4,219801A14D816AE01715,2020-12-24 05:08:38,2020-12-24 06:04:07,3329
b0:0c:d1:3b:4d:f1,70BA-EFCF-D8C0,2020-12-24 05:37:46,2020-12-24 06:04:07,1581
b0:48:1a:5b:2a:db,219801A14D816AE06370,2020-12-24 05:38:37,2020-12-24 06:04:07,1530
b0:52:16:1e:74:a2,7425-8A50-3A20,2020-12-24 05:07:45,2020-12-24 06:04:07,3382
b0:52:16:b5:f9:ab,70BA-EFCF-E320,2020-12-24 05:37:51,2020-12-24 05:40:53,182
b0:68:e6:30:56:42,70BA-EFCF-DCC0,2020-12-24 05:37:46,2020-12-24 06:04:07,1581
b0:68:e6:92:b1:3d,70BA-EFBF-7960,2020-12-24 05:07:45,2020-12-24 06:04:07,3382
b0:b5:c3:51:2c:5f,219801A14D816AE00176,2020-12-24 05:08:38,2020-12-24 05:38:37,1799
b2:01:bb:45:05:6f,219801A14D816AE02752,2020-12-24 05:38:37,2020-12-24 06:04:07,1530
b2:27:61:5c:62:d0,219801A14D816AE02715,2020-12-24 05:38:37,2020-12-24 06:04:07,1530
b2:5b:03:42:6f:55,219801A14D816AE00834,2020-12-24 05:08:38,2020-12-24 06:04:07,3329
b2:a3:5b:4d:2e:36,219801A14D816AE05268,2020-12-24 05:38:37,2020-12-24 06:04:07,1530
b2:a3:5b:4d:2e:36,219801A14D816AE05268,2020-12-24 05:08:38,2020-12-24 05:38:37,1799
b4:40:a4:59:8a:ba,219801A0WA9175Q14003,2020-12-24 05:08:38,2020-12-24 06:04:07,3329
b4:69:21:c9:f8:97,70BA-EFCF-F360,2020-12-24 05:40:53,2020-12-24 06:04:07,1394
b4:69:21:c9:f8:97,70BA-EFCF-FA40,2020-12-24 05:07:51,2020-12-24 05:40:53,1982
b4:8b:19:11:70:6f,219801A14D816AE06570,2020-12-24 05:08:38,2020-12-24 06:04:07,3329
b4:a5:ac:da:01:49,219801A0WA9175Q10849,2020-12-24 05:08:38,2020-12-24 05:38:37,1799
b4:cd:27:bc:54:62,5866-BA9E-6960,2020-12-24 05:07:51,2020-12-24 06:04:07,3376
b4:cd:27:c9:a0:40,70BA-EFCF-FC80,2020-12-24 05:07:45,2020-12-24 06:04:07,3382
b6:69:83:18:e5:e0,219801A0WA9175Q12921,2020-12-24 05:38:37,2020-12-24 06:04:07,1530
b6:69:83:18:e5:e0,219801A0WA9175Q12921,2020-12-24 05:08:38,2020-12-24 05:38:37,1799
b6:7a:63:6e:2d:cc,219801A0WA9175Q12720,2020-12-24 05:08:38,2020-12-24 06:04:07,3329
b8:27:eb:d0:0f:bd,70BA-EFCD-4140,2020-12-24 05:07:51,2020-12-24 05:37:51,1800
b8:27:eb:d0:0f:bd,70BA-EFCD-4140,2020-12-24 05:37:51,2020-12-24 05:40:53,182
b8:41:a4:76:fd:8b,219801A14D816AE01705,2020-12-24 05:38:37,2020-12-24 06:04:07,1530
b8:63:4d:92:18:83,70BA-EFCB-7980,2020-12-24 05:40:45,2020-12-24 06:04:07,1402
b8:63:4d:92:18:83,70BA-EFCB-7DA0,2020-12-24 05:07:45,2020-12-24 05:40:45,1980
b8:90:47:05:b4:97,219801A14D816AE05046,2020-12-24 05:08:38,2020-12-24 06:04:07,3329
b8:94:36:1d:09:19,219801A0WA9175Q12623,2020-12-24 05:38:37,2020-12-24 06:04:07,1530
b8:94:36:3a:c9:ff,219801A14D816AE00957,2020-12-24 05:08:38,2020-12-24 06:04:07,3329
b8:94:36:fd:2e:cf,5866-BAA9-65C0,2020-12-24 05:37:46,2020-12-24 06:04:07,1581
b8:9a:2a:54:4d:1d,219801A14D816AE06416,2020-12-24 05:08:38,2020-12-24 05:38:37,1799
b8:9a:2a:5f:ef:ab,703D-157A-1A20,2020-12-24 05:07:51,2020-12-24 06:04:07,3376
b8:c1:11:20:99:ca,219801A0T78188E00407,2020-12-24 05:38:37,2020-12-24 06:04:07,1530
b8:c1:11:20:99:ca,219801A0T78188E00407,2020-12-24 05:08:38,2020-12-24 05:38:37,1799
b8:c1:11:ba:9f:a8,219801A0WA9175Q10866,2020-12-24 05:08:38,2020-12-24 06:04:07,3329
b8:c1:11:c0:45:a3,219801A0WA9175Q10661,2020-12-24 05:38:37,2020-12-24 06:04:07,1530
b8:c1:11:c0:45:a3,219801A0WA9175Q10661,2020-12-24 05:08:38,2020-12-24 05:38:37,1799
b8:c3:85:a8:19:9e,219801A0WA9175Q10802,2020-12-24 05:08:38,2020-12-24 06:04:07,3329
ba:42:85:54:e7:3d,219801A0WA9164Q07061,2020-12-24 05:08:38,2020-12-24 06:04:07,3329
ba:a8:d1:a6:0a:ec,219801A14D816AE06331,2020-12-24 05:38:37,2020-12-24 06:04:07,1530
ba:ec:99:4d:29:77,219801A14D816AE01419,2020-12-24 05:38:37,2020-12-24 06:04:07,1530
ba:ec:99:4d:29:77,219801A14D816AE01419,2020-12-24 05:08:38,2020-12-24 05:38:37,1799
bc:17:b8:d1:06:af,219801A14D816AE06277,2020-12-24 05:38:37,2020-12-24 06:04:07,1530
bc:3a:ea:c6:81:a4,70BA-EFCF-A1C0,2020-12-24 05:37:45,2020-12-24 06:04:07,1582
bc:9f:ef:2b:f2:59,219801A14D816AE06796,2020-12-24 05:38:37,2020-12-24 06:04:07,1530
bc:b8:63:a3:ad:a8,3822-D659-03A0,2020-12-24 05:40:45,2020-12-24 05:58:49,1084
bc:b8:63:a3:ad:a8,3822-D659-11D0,2020-12-24 05:07:45,2020-12-24 05:13:49,364
bc:b8:63:a3:ad:a8,210235A1GQC171002847,2020-12-24 05:37:51,2020-12-24 05:40:43,172
bc:b8:63:ed:0d:c4,219801A14D816AE00213,2020-12-24 05:08:38,2020-12-24 06:04:07,3329
bc:b8:63:f1:c7:57,219801A0WA9175Q13899,2020-12-24 05:08:38,2020-12-24 06:04:07,3329
be:2c:97:9f:cd:99,219801A0WA9175Q10713,2020-12-24 05:38:37,2020-12-24 06:04:07,1530
be:32:18:f5:05:4e,219801A0WA9175Q13566,2020-12-24 05:38:37,2020-12-24 06:04:07,1530
be:36:77:2a:c1:2f,219801A0WA9175Q10845,2020-12-24 05:38:37,2020-12-24 06:04:07,1530
be:57:5f:d1:be:f2,219801A0WA9175Q11283,2020-12-24 05:08:38,2020-12-24 06:04:07,3329
be:ad:c4:f1:d8:5b,219801A14D816AE07536,2020-12-24 05:38:37,2020-12-24 06:04:07,1530
be:bb:e3:6c:40:bd,219801A0WA9175Q10702,2020-12-24 05:38:37,2020-12-24 06:04:07,1530
c0:9a:71:83:23:18,219801A14D816AE06649,2020-12-24 05:08:38,2020-12-24 06:04:07,3329
c0:9a:d0:db:b3:cd,219801A14D816AE01745,2020-12-24 05:38:37,2020-12-24 06:04:07,1530
c0:a5:3e:11:06:40,219801A0WA9175Q12935,2020-12-24 05:38:37,2020-12-24 06:04:07,1530
c0:a5:dd:5a:a9:8b,70BA-EFCF-DCC0,2020-12-24 05:37:46,2020-12-24 06:04:07,1581
c0:b4:7d:34:28:d2,219801A0T78188E00547,2020-12-24 05:38:37,2020-12-24 06:04:07,1530
c0:b5:d7:7f:ef:81,70BA-EFCB-8A40,2020-12-24 05:07:51,2020-12-24 06:04:07,3376
c0:b6:58:db:71:fe,70BA-EFCF-F360,2020-12-24 05:07:51,2020-12-24 06:04:07,3376
c0:d0:12:e1:ab:11,219801A14D816AE07184,2020-12-24 05:08:38,2020-12-24 06:04:07,3329
c0:e8:62:50:1a:9b,219801A14D816AE05266,2020-12-24 05:08:38,2020-12-24 06:04:07,3329
c0:f2:fb:4a:a9:22,219801A14D816AE06578,2020-12-24 05:38:37,2020-12-24 06:04:07,1530
c2:42:a6:30:22:df,219801A0WA9175Q12687,2020-12-24 05:38:37,2020-12-24 06:04:07,1530
c2:54:29:0e:b2:4c,219801A14D816AE06932,2020-12-24 05:38:37,2020-12-24 06:04:07,1530
c2:60:28:7e:f7:a9,219801A14D816AE06308,2020-12-24 05:38:37,2020-12-24 06:04:07,1530
c2:60:28:7e:f7:a9,219801A14D816AE06331,2020-12-24 05:08:38,2020-12-24 05:38:37,1799
c2:87:df:3a:77:fc,70BA-EFCB-F6E0,2020-12-24 05:40:46,2020-12-24 06:04:07,1401
c2:cb:07:e1:ca:68,219801A0WA9175Q10679,2020-12-24 05:38:37,2020-12-24 06:04:07,1530
c2:fa:d9:46:3b:25,219801A14D816AE02771,2020-12-24 05:38:37,2020-12-24 06:04:07,1530
c2:ff:aa:dd:05:e0,219801A14D816AE01254,2020-12-24 05:38:37,2020-12-24 06:04:07,1530
c4:2a:d0:68:3c:64,219801A14D816AE00838,2020-12-24 05:38:37,2020-12-24 06:04:07,1530
c4:e1:a1:bf:39:61,219801A0WA9175Q11420,2020-12-24 05:08:38,2020-12-24 05:38:37,1799
c6:29:5b:07:c3:ca,70BA-EFCB-EEA0,2020-12-24 05:37:51,2020-12-24 06:04:07,1576
c6:29:5b:07:c3:ca,70BA-EFCF-E6A0,2020-12-24 05:07:51,2020-12-24 05:37:51,1800
c6:2f:8f:b1:48:2e,219801A14D816AE02168,2020-12-24 05:08:38,2020-12-24 06:04:07,3329
c6:3f:5b:37:58:33,219801A14D816AE00491,2020-12-24 05:38:37,2020-12-24 06:04:07,1530
c6:3f:5b:37:58:33,219801A14D816AE00491,2020-12-24 05:08:38,2020-12-24 05:38:37,1799
c6:76:b1:de:a0:62,219801A0WA9175Q11427,2020-12-24 05:38:37,2020-12-24 06:04:07,1530
c6:fb:8d:46:a1:36,219801A14D816AE06536,2020-12-24 05:38:37,2020-12-24 06:04:07,1530
c8:16:da:fb:70:4f,219801A14D816AE06781,2020-12-24 05:38:37,2020-12-24 06:04:07,1530
c8:1e:e7:95:a6:92,219801A14D816AE06354,2020-12-24 05:08:38,2020-12-24 06:04:07,3329
c8:1e:e7:a8:08:e5,703D-157A-23E0,2020-12-24 05:37:51,2020-12-24 06:04:07,1576
c8:34:8e:1f:ab:9d,70BA-EFCB-EF60,2020-12-24 05:37:46,2020-12-24 06:04:07,1581
c8:3c:85:6a:fb:3b,219801A14D816AE05402,2020-12-24 05:38:37,2020-12-24 06:04:07,1530
c8:58:c0:c0:f5:7b,219801A14D816AE01246,2020-12-24 05:08:38,2020-12-24 05:38:37,1799
c8:58:c0:f6:e9:83,70BA-EFCF-A120,2020-12-24 05:37:46,2020-12-24 06:04:07,1581
c8:c2:fa:5b:ff:8f,219801A0WA9175Q12033,2020-12-24 05:08:38,2020-12-24 06:04:07,3329
c8:c2:fa:b0:f2:37,219801A0T78188E00402,2020-12-24 05:08:38,2020-12-24 06:04:07,3329
c8:d0:83:69:84:3e,219801A0WA9175Q10760,2020-12-24 05:38:37,2020-12-24 06:04:07,1530
c8:d0:83:94:e7:af,219801A0T78188E00488,2020-12-24 05:08:38,2020-12-24 06:04:07,3329
c8:f2:30:32:b3:0f,219801A14D816AE05343,2020-12-24 05:38:37,2020-12-24 06:04:07,1530
c8:f2:30:32:b3:0f,219801A14D816AE05343,2020-12-24 05:08:38,2020-12-24 05:38:37,1799
c8:f6:50:81:d0:b2,70BA-EFCF-A2A0,2020-12-24 05:37:51,2020-12-24 06:04:07,1576
c8:f6:50:81:d0:b2,70BA-EFCF-A2A0,2020-12-24 05:07:51,2020-12-24 05:37:51,1800
cc:08:8d:b8:60:ad,219801A14D816AE05444,2020-12-24 05:38:37,2020-12-24 06:04:07,1530
cc:29:f5:e4:8c:e2,219801A14D816AE07195,2020-12-24 05:08:38,2020-12-24 06:04:07,3329
cc:2d:b7:b8:32:2f,219801A14D816AE01419,2020-12-24 05:08:38,2020-12-24 06:04:07,3329
ce:29:0c:6a:9a:ce,219801A14D816AE06324,2020-12-24 05:08:38,2020-12-24 06:04:07,3329
ce:49:97:5b:95:5a,219801A14D816AE05365,2020-12-24 05:38:37,2020-12-24 06:04:07,1530
ce:a7:f4:41:c6:37,219801A14D816AE02481,2020-12-24 05:08:38,2020-12-24 06:04:07,3329
ce:b8:ee:ca:9e:43,219801A14D816AE06302,2020-12-24 05:08:38,2020-12-24 06:04:07,3329
d0:7e:35:32:d3:4a,70BA-EFCB-AC80,2020-12-24 05:07:51,2020-12-24 06:04:07,3376
d0:9c:7a:d0:a9:cc,219801A14D816AE02924,2020-12-24 05:38:37,2020-12-24 06:04:07,1530
d0:9c:7a:d0:a9:cc,219801A14D816AE02924,2020-12-24 05:08:38,2020-12-24 05:38:37,1799
d0:c6:37:f3:3a:09,70BA-EFCF-E9E0,2020-12-24 05:07:51,2020-12-24 06:04:07,3376
d0:d7:83:21:5b:fe,219801A0WA9175Q13169,2020-12-24 05:38:37,2020-12-24 06:04:07,1530
d0:d7:83:21:5b:fe,219801A0WA9175Q13169,2020-12-24 05:08:38,2020-12-24 05:38:37,1799
d0:d7:83:92:4f:c6,219801A14D816AE01828,2020-12-24 05:38:37,2020-12-24 06:04:07,1530
d2:0a:cc:14:4a:95,219801A14D816AE06829,2020-12-24 05:38:37,2020-12-24 06:04:07,1530
d2:1b:5c:9b:52:05,219801A14D816AE04831,2020-12-24 05:08:38,2020-12-24 06:04:07,3329
d2:79:15:d9:61:ca,70BA-EFD0-0160,2020-12-24 05:07:45,2020-12-24 05:37:45,1800
d2:a1:96:01:9e:3f,219801A14D816AE06943,2020-12-24 05:08:38,2020-12-24 06:04:07,3329
d4:61:9d:68:5e:63,219801A0WA9175Q12065,2020-12-24 05:38:37,2020-12-24 06:04:07,1530
d4:61:9d:68:5e:63,219801A0WA9175Q12065,2020-12-24 05:08:38,2020-12-24 05:38:37,1799
d4:61:9d:a8:1c:fa,219801A14D816AE08087,2020-12-24 05:38:37,2020-12-24 06:04:07,1530
d4:61:da:b5:a3:ca,219801A14D816AE00135,2020-12-24 05:08:38,2020-12-24 06:04:07,3329
d4:62:ea:79:aa:38,219801A14D816AE06507,2020-12-24 05:08:38,2020-12-24 06:04:07,3329
d4:67:d3:45:1c:d7,219801A14D816AE06484,2020-12-24 05:08:38,2020-12-24 05:38:37,1799
d4:67:d3:97:18:05,70BA-EFCB-EF60,2020-12-24 05:37:46,2020-12-24 06:04:07,1581
d4:6a:6a:47:ce:6f,7425-8A88-7480,2020-12-24 05:07:45,2020-12-24 06:04:07,3382
d4:bb:c8:8f:9c:29,219801A14D816AE02232,2020-12-24 05:08:38,2020-12-24 05:38:37,1799
d4:bb:c8:8f:9c:29,219801A14D816AE02994,2020-12-24 05:38:37,2020-12-24 06:04:07,1530
d6:27:0a:21:e4:2e,219801A14D816AE02175,2020-12-24 05:38:37,2020-12-24 06:04:07,1530
d6:27:0a:21:e4:2e,219801A14D816AE02175,2020-12-24 05:08:38,2020-12-24 05:38:37,1799
d6:2b:79:30:b7:23,219801A0WA9175Q14092,2020-12-24 05:08:38,2020-12-24 06:04:07,3329
d6:46:01:02:73:d0,210235A1GQC14A001432,2020-12-24 05:40:46,2020-12-24 06:04:07,1401
d6:b2:9a:5b:6c:4d,219801A14D816AE06428,2020-12-24 05:38:37,2020-12-24 06:04:07,1530
d8:1c:79:46:fb:ce,219801A14D816AE05277,2020-12-24 05:08:38,2020-12-24 06:04:07,3329
d8:1c:79:4c:64:2a,219801A14D816AE06808,2020-12-24 05:38:37,2020-12-24 06:04:07,1530
d8:1e:dd:09:7c:7b,219801A0WA9175Q13672,2020-12-24 05:38:37,2020-12-24 06:04:07,1530
d8:1e:dd:09:ae:13,219801A0WA9175Q12506,2020-12-24 05:38:37,2020-12-24 06:04:07,1530
d8:1e:dd:09:ae:13,219801A0WA9175Q12506,2020-12-24 05:08:38,2020-12-24 05:38:37,1799
d8:1e:dd:13:19:cf,219801A0WA9175Q13672,2020-12-24 05:08:38,2020-12-24 05:38:37,1799
d8:32:e3:0b:5a:fb,219801A14D816AE05478,2020-12-24 05:38:37,2020-12-24 06:04:07,1530
d8:32:e3:0c:73:bc,219801A14D816AE07573,2020-12-24 05:08:38,2020-12-24 06:04:07,3329
d8:4c:90:4b:a9:8c,219801A14D816AE06501,2020-12-24 05:38:37,2020-12-24 06:04:07,1530
d8:4c:90:82:39:aa,219801A14D816AE06434,2020-12-24 05:38:37,2020-12-24 06:04:07,1530
d8:8f:76:aa:4a:c4,219801A14D816AE06431,2020-12-24 05:38:37,2020-12-24 06:04:07,1530
d8:8f:76:aa:4a:c4,219801A14D816AE06566,2020-12-24 05:08:38,2020-12-24 05:38:37,1799
d8:8f:76:b6:08:f8,219801A14D816AE06746,2020-12-24 05:08:38,2020-12-24 06:04:07,3329
d8:9b:3b:e5:45:15,219801A14D816AE05530,2020-12-24 05:08:38,2020-12-24 06:04:07,3329
d8:c7:71:29:21:db,219801A14D816AE08085,2020-12-24 05:38:37,2020-12-24 06:04:07,1530
d8:ce:3a:96:96:db,219801A0WA9175Q10748,2020-12-24 05:08:38,2020-12-24 05:38:37,1799
d8:ce:3a:d8:5d:a6,219801A14D816AE03248,2020-12-24 05:38:37,2020-12-24 06:04:07,1530
d8:f2:ca:58:75:5a,219801A14D816AE01619,2020-12-24 05:38:37,2020-12-24 06:04:07,1530
dc:08:0f:14:c6:41,219801A14D816AE06479,2020-12-24 05:08:38,2020-12-24 06:04:07,3329
dc:16:b2:b1:b4:5f,219801A0WA9175Q13606,2020-12-24 05:08:38,2020-12-24 05:38:37,1799
dc:31:d1:c6:de:ab,219801A0WA9175Q10721,2020-12-24 05:08:38,2020-12-24 06:04:07,3329
dc:31:d1:ee:d5:dd,219801A14D816AE02177,2020-12-24 05:08:38,2020-12-24 05:38:37,1799
dc:68:eb:02:07:3f,219801A14D816AE06774,2020-12-24 05:38:37,2020-12-24 06:04:07,1530
dc:85:de:28:93:70,219801A14D816AE06969,2020-12-24 05:08:38,2020-12-24 06:04:07,3329
dc:a2:66:24:a1:4b,703D-157A-1900,2020-12-24 05:37:51,2020-12-24 06:04:07,1576
dc:a9:04:66:20:ae,219801A14D816AE02343,2020-12-24 05:08:38,2020-12-24 06:04:07,3329
dc:a9:04:a2:2c:14,219801A14D816AE02539,2020-12-24 05:38:37,2020-12-24 06:04:07,1530
dc:f0:90:98:34:58,219801A0WA9175Q13068,2020-12-24 05:08:38,2020-12-24 06:04:07,3329
dc:fb:48:9d:f4:72,219801A14D816AE06556,2020-12-24 05:08:38,2020-12-24 05:22:50,852
dc:fb:48:9d:f4:72,219801A14D816AE06556,2020-12-24 05:38:37,2020-12-24 05:40:50,133
dc:fb:48:9d:f4:72,70BA-EFCB-AC80,2020-12-24 05:37:51,2020-12-24 05:38:30,39
dc:fb:48:9d:f4:72,70BA-EFCB-AC80,2020-12-24 05:40:53,2020-12-24 05:44:08,195
de:50:c2:a1:02:6d,219801A14D816AE00192,2020-12-24 05:08:38,2020-12-24 05:38:37,1799
de:50:c2:a1:02:6d,219801A14D816AE00746,2020-12-24 05:38:37,2020-12-24 06:04:07,1530
de:7c:c0:e0:8d:c2,70BA-EFCB-FCE0,2020-12-24 05:37:45,2020-12-24 06:04:07,1582
de:cd:83:86:80:55,70BA-EFCF-5F40,2020-12-24 05:40:45,2020-12-24 06:04:07,1402
de:cd:83:86:80:55,70BA-EFCF-5F40,2020-12-24 05:37:45,2020-12-24 05:40:45,180
e0:89:7e:38:38:bc,219801A14D816AE08071,2020-12-24 05:38:37,2020-12-24 06:04:07,1530
e0:89:7e:38:38:bc,219801A14D816AE08071,2020-12-24 05:08:38,2020-12-24 05:38:37,1799
e0:89:7e:3c:4e:af,219801A14D816AE03085,2020-12-24 05:38:37,2020-12-24 06:04:07,1530
e0:89:7e:a0:5b:5a,219801A0WA9175Q12653,2020-12-24 05:38:37,2020-12-24 06:04:07,1530
e0:ac:cb:7b:0e:d4,219801A14D816AE05947,2020-12-24 05:38:37,2020-12-24 06:04:07,1530
e0:ac:cb:c0:b6:4a,219801A14D816AE02643,2020-12-24 05:38:37,2020-12-24 06:04:07,1530
e0:dc:ff:e0:06:0f,219801A14D816AE02258,2020-12-24 05:08:38,2020-12-24 06:04:07,3329
e2:de:e7:62:9c:63,219801A14D816AE08016,2020-12-24 05:08:38,2020-12-24 06:04:07,3329
e2:e6:fe:f0:88:82,219801A0WA9175Q10742,2020-12-24 05:38:37,2020-12-24 06:04:07,1530
e2:e6:fe:f0:88:82,219801A0WA9175Q10742,2020-12-24 05:08:38,2020-12-24 05:38:37,1799
e2:f7:cd:bf:d2:cd,219801A0WA9175Q10963,2020-12-24 05:08:38,2020-12-24 06:04:07,3329
e2:f7:f8:e8:66:20,219801A14D816AE01419,2020-12-24 05:08:38,2020-12-24 06:04:07,3329
e4:02:9b:03:fe:ee,70BA-EFCB-8F00,2020-12-24 05:37:51,2020-12-24 06:04:07,1576
e4:0e:ee:22:fc:69,219801A0WA9175Q12601,2020-12-24 05:08:38,2020-12-24 06:04:07,3329
e4:a7:c5:1b:75:1b,219801A14D816AE06308,2020-12-24 05:38:37,2020-12-24 06:04:07,1530
e4:aa:ea:a6:3d:c7,219801A0WA9175Q13523,2020-12-24 05:38:37,2020-12-24 06:04:07,1530
e4:aa:ea:cc:e0:5d,70BA-EFCF-6E40,2020-12-24 05:07:45,2020-12-24 05:37:45,1800
e4:aa:ea:f1:08:3d,703D-1579-F8E0,2020-12-24 05:07:51,2020-12-24 06:04:07,3376
e4:b2:fb:6a:08:46,219801A14D816AE05226,2020-12-24 05:08:38,2020-12-24 06:04:07,3329
e4:b2:fb:86:bb:dd,70BA-EFCB-73E0,2020-12-24 05:07:51,2020-12-24 06:04:07,3376
e4:b2:fb:9f:e4:b6,219801A14D816AE05035,2020-12-24 05:38:37,2020-12-24 06:04:07,1530
e4:b2:fb:a0:72:3c,219801A14D816AE06931,2020-12-24 05:08:38,2020-12-24 05:38:37,1799
e4:b2:fb:a0:72:3c,219801A14D816AE08050,2020-12-24 05:38:37,2020-12-24 06:04:07,1530
e4:c4:83:17:29:67,219801A0WA9175Q12677,2020-12-24 05:38:37,2020-12-24 06:04:07,1530
e4:fd:a1:7a:e1:ca,219801A14D816AE07475,2020-12-24 05:08:38,2020-12-24 06:04:07,3329
e6:a1:c1:78:2e:f3,219801A0WA9175Q12975,2020-12-24 05:38:37,2020-12-24 06:04:07,1530
e8:9e:b4:1e:0e:1b,70BA-EFCF-F700,2020-12-24 05:37:46,2020-12-24 06:04:07,1581
e8:b2:ac:57:a5:1a,219801A0WA9175Q11221,2020-12-24 05:38:37,2020-12-24 06:04:07,1530
e8:b2:ac:76:d3:4b,219801A0WA9175Q11384,2020-12-24 05:08:38,2020-12-24 06:04:07,3329
e8:b2:ac:8b:44:98,219801A14D816AE00435,2020-12-24 05:08:38,2020-12-24 06:04:07,3329
e8:d0:fc:f7:33:79,70BA-EFCB-9100,2020-12-24 05:37:51,2020-12-24 06:04:07,1576
e8:d0:fc:f7:33:79,70BA-EFCB-9100,2020-12-24 05:07:51,2020-12-24 05:37:51,1800
e8:fb:e9:4b:8b:6b,219801A14D816AE02645,2020-12-24 05:08:38,2020-12-24 06:04:07,3329
ea:5b:aa:d9:de:6c,219801A14D816AE02947,2020-12-24 05:38:37,2020-12-24 06:04:07,1530
ea:5b:aa:d9:de:6c,219801A14D816AE02947,2020-12-24 05:08:38,2020-12-24 05:38:37,1799
ea:7f:f7:32:97:51,219801A14D816AE07579,2020-12-24 05:38:37,2020-12-24 06:04:07,1530
ea:86:6b:74:1c:05,219801A0WA9175Q12645,2020-12-24 05:08:38,2020-12-24 06:04:07,3329
ea:ea:24:44:61:88,219801A14D816AE00900,2020-12-24 05:38:37,2020-12-24 06:04:07,1530
ec:56:23:15:80:43,219801A14D816AE02344,2020-12-24 05:38:37,2020-12-24 06:04:07,1530
ec:56:23:7d:c2:1b,219801A0WA9175Q12171,2020-12-24 05:08:38,2020-12-24 06:04:07,3329
ec:56:23:d7:90:07,219801A14D816AE02022,2020-12-24 05:38:37,2020-12-24 06:04:07,1530
ec:56:23:e3:96:4c,219801A14D816AE05293,2020-12-24 05:38:37,2020-12-24 06:04:07,1530
ec:89:14:4e:61:72,70BA-EFCF-C4E0,2020-12-24 05:07:45,2020-12-24 05:37:45,1800
ec:d0:9f:98:72:bb,219801A14D816AE06783,2020-12-24 05:38:37,2020-12-24 06:04:07,1530
ec:d0:9f:98:72:bb,219801A14D816AE06783,2020-12-24 05:08:38,2020-12-24 05:38:37,1799
ec:d0:9f:be:cc:bb,219801A14D816AE00843,2020-12-24 05:08:38,2020-12-24 05:38:37,1799
ec:d0:9f:be:cc:bb,219801A14D816AE05309,2020-12-24 05:38:37,2020-12-24 06:04:07,1530
ec:f3:42:b3:4d:67,219801A0WA9175Q11416,2020-12-24 05:08:38,2020-12-24 06:04:07,3329
ec:f3:42:ff:b9:e5,219801A0WA9175Q12369,2020-12-24 05:08:38,2020-12-24 06:04:07,3329
ee:05:1c:8b:a4:e8,219801A0WA9175Q12723,2020-12-24 05:38:37,2020-12-24 06:04:07,1530
ee:53:81:a6:4b:62,70BA-EFBF-6340,2020-12-24 05:07:45,2020-12-24 06:04:07,3382
ee:65:c5:96:c0:fc,219801A0WA9175Q10805,2020-12-24 05:08:38,2020-12-24 06:04:07,3329
f0:03:8c:09:ca:cb,219801A14D816AE02186,2020-12-24 05:38:37,2020-12-24 06:04:07,1530
f0:18:98:76:a4:70,219801A14D816AE06480,2020-12-24 05:38:37,2020-12-24 06:04:07,1530
f0:18:98:a3:d5:b5,703D-157A-2600,2020-12-24 05:07:51,2020-12-24 06:04:07,3376
f0:41:c8:7d:0f:c1,219801A14D816AE05372,2020-12-24 05:08:38,2020-12-24 06:04:07,3329
f0:6d:78:de:3c:8b,219801A14D816AE07466,2020-12-24 05:08:38,2020-12-24 06:04:07,3329
f0:79:60:38:cb:fc,219801A0WA9175Q12879,2020-12-24 05:08:38,2020-12-24 06:04:07,3329
f0:79:60:c5:ae:cd,219801A14D816AE03139,2020-12-24 05:38:37,2020-12-24 06:04:07,1530
f0:a3:5a:4f:13:db,219801A14D816AE06334,2020-12-24 05:08:38,2020-12-24 06:04:07,3329
f0:a3:5a:50:19:64,219801A0WA9175Q12199,2020-12-24 05:08:38,2020-12-24 06:04:07,3329
f0:c3:71:bd:51:1d,219801A14D816AE07121,2020-12-24 05:38:37,2020-12-24 06:04:07,1530
f0:c3:71:bd:51:1d,219801A14D816AE07215,2020-12-24 05:08:38,2020-12-24 05:38:37,1799
f0:e4:a2:3a:e9:5d,219801A14D816AE08095,2020-12-24 05:08:38,2020-12-24 06:04:07,3329
f0:fe:6b:d1:a3:11,70BA-EFD0-1FE0,2020-12-24 05:37:45,2020-12-24 06:04:07,1582
f2:1b:9d:06:d5:b4,219801A0WA9175Q14108,2020-12-24 05:08:38,2020-12-24 06:04:07,3329
f2:21:ba:18:22:bd,219801A14D816AE06761,2020-12-24 05:08:38,2020-12-24 05:38:37,1799
f2:21:ba:18:22:bd,219801A14D816AE06783,2020-12-24 05:38:37,2020-12-24 06:04:07,1530
f2:2f:57:54:03:cc,219801A14D816AE05404,2020-12-24 05:08:38,2020-12-24 06:04:07,3329
f4:31:c3:a2:8f:05,219801A14D816AE05587,2020-12-24 05:38:37,2020-12-24 06:04:07,1530
f4:60:e2:b2:90:a2,219801A14D816AE07552,2020-12-24 05:08:38,2020-12-24 06:04:07,3329
f4:63:1f:08:87:d1,219801A14D816AE00223,2020-12-24 05:08:38,2020-12-24 06:04:07,3329
f4:d6:20:4f:a2:3f,219801A0WA9175Q12637,2020-12-24 05:38:37,2020-12-24 06:04:07,1530
f6:4f:74:0e:d2:4f,219801A14D816AE02503,2020-12-24 05:38:37,2020-12-24 06:04:07,1530
f6:4f:74:0e:d2:4f,219801A14D816AE02503,2020-12-24 05:08:38,2020-12-24 05:38:37,1799
f8:0d:ac:e6:b2:c7,703D-157A-23A0,2020-12-24 05:37:51,2020-12-24 06:04:07,1576
f8:38:80:d3:fe:a1,219801A14D816AE06582,2020-12-24 05:38:37,2020-12-24 06:04:07,1530
f8:38:80:d3:fe:a1,219801A14D816AE06582,2020-12-24 05:08:38,2020-12-24 05:38:37,1799
f8:87:f1:05:42:a2,219801A14D816AE06771,2020-12-24 05:08:38,2020-12-24 06:04:07,3329
f8:95:ea:65:fc:eb,219801A14D816AE06582,2020-12-24 05:08:38,2020-12-24 06:04:07,3329
f8:95:ea:8c:89:ac,219801A14D816AE08092,2020-12-24 05:38:37,2020-12-24 06:04:07,1530
f8:95:ea:8c:89:ac,219801A14D816AE08098,2020-12-24 05:08:38,2020-12-24 05:38:37,1799
f8:95:ea:b5:a4:1e,219801A0T78188E00366,2020-12-24 05:38:37,2020-12-24 06:04:07,1530
f8:9a:78:0f:85:4d,70BA-EFCD-0DB0,2020-12-24 05:40:46,2020-12-24 06:04:07,1401
f8:9a:78:0f:85:4d,70BA-EFD0-1C40,2020-12-24 05:37:45,2020-12-24 05:40:46,181
f8:9a:78:4f:c3:a8,219801A14D816AE00207,2020-12-24 05:38:37,2020-12-24 06:04:07,1530
f8:a2:d6:fb:4a:a9,7425-8A50-3F20,2020-12-24 05:37:46,2020-12-24 06:04:07,1581
f8:d0:27:3b:19:91,70BA-EFCB-A5A0,2020-12-24 05:37:51,2020-12-24 06:04:07,1576
f8:da:0c:7b:45:08,70BA-EFCB-B3C0,2020-12-24 05:37:51,2020-12-24 06:04:07,1576
f8:e4:e3:7f:df:b4,70BA-EFCF-EF80,2020-12-24 05:37:51,2020-12-24 06:04:07,1576
f8:e4:e3:7f:df:b4,70BA-EFCF-EF80,2020-12-24 05:07:51,2020-12-24 05:37:51,1800
f8:e9:4e:89:5f:59,219801A0WA9175Q10684,2020-12-24 05:38:37,2020-12-24 06:04:07,1530
fa:23:4d:44:92:6c,219801A0WA9175Q12870,2020-12-24 05:08:38,2020-12-24 06:04:07,3329
fa:9a:a8:95:6a:c4,70BA-EFCF-ED60,2020-12-24 05:07:51,2020-12-24 06:04:07,3376
fa:a8:44:ec:61:f3,219801A0WA9175Q12051,2020-12-24 05:38:37,2020-12-24 06:04:07,1530
fa:a8:44:ec:61:f3,219801A0WA9175Q12051,2020-12-24 05:08:38,2020-12-24 05:38:37,1799
fc:1d:43:35:e5:60,219801A14D816AE00958,2020-12-24 05:38:37,2020-12-24 06:04:07,1530
fc:1d:43:35:e5:60,219801A14D816AE00958,2020-12-24 05:08:38,2020-12-24 05:38:37,1799
fc:87:43:bc:ad:dd,219801A0WA9175Q10895,2020-12-24 05:38:37,2020-12-24 06:04:07,1530
fc:87:43:bc:d3:09,219801A14D816AE02543,2020-12-24 05:08:38,2020-12-24 06:04:07,3329
fc:ab:90:60:7b:51,219801A0WA9175Q13626,2020-12-24 05:08:38,2020-12-24 06:04:07,3329
fc:ab:90:cc:30:a6,219801A14D816AE02882,2020-12-24 05:08:38,2020-12-24 06:04:07,3329
fc:ab:90:d0:b3:24,219801A0WA9175Q12657,2020-12-24 05:38:37,2020-12-24 06:04:07,1530
fc:be:7b:ab:0c:23,219801A14D816AE07541,2020-12-24 05:38:37,2020-12-24 06:04:07,1530
fe:2c:90:09:a5:e1,219801A14D816AE02946,2020-12-24 05:38:37,2020-12-24 06:04:07,1530
fe:6f:ba:71:7c:9e,219801A14D816AE05256,2020-12-24 05:38:37,2020-12-24 06:04:07,1530
fe:71:6e:64:8d:48,219801A14D816AE08071,2020-12-24 05:08:38,2020-12-24 06:04:07,3329
fe:dc:9a:d1:24:5d,219801A0WA9175Q14088,2020-12-24 05:08:38,2020-12-24 06:04:07,3329
fe:f3:49:ac:e4:e0,70BA-EFCF-F360,2020-12-24 05:37:51,2020-12-24 06:04:07,1576
